tool,i,project,scenario,family,kind,ok,truth_edited,est_edited,err,truth_intended,est_intended,truth_ko,est_ko,seconds
assured_qc,0,L05_SNP_editing,wt_rep1,wt,SNP,True,0.0,0.2,0.2,0.0,0.0,0.0,0.0,0.305
assured_qc,1,L05_SNP_editing,wt_rep2,wt,SNP,True,0.0,0.0,0.0,0.0,0.0,0.0,0.0,0.261
assured_qc,2,L05_SNP_editing,wt_rep3,wt,SNP,True,0.0,0.0,0.0,0.0,0.0,0.0,0.0,0.387
assured_qc,3,L05_SNP_editing,hdr_f2,hdr_graded,SNP,True,2.0,1.9,-0.10000000000000009,2.0,1.9,0.0,0.0,0.313
assured_qc,4,L05_SNP_editing,hdr_f5,hdr_graded,SNP,True,5.0,4.7,-0.2999999999999998,5.0,4.2,0.0,0.0,0.379
assured_qc,5,L05_SNP_editing,hdr_f10,hdr_graded,SNP,True,10.0,11.1,1.0999999999999996,10.0,8.1,0.0,0.0,0.292
assured_qc,6,L05_SNP_editing,hdr_f25,hdr_graded,SNP,True,25.0,29.1,4.100000000000001,25.0,22.4,0.0,0.0,0.407
assured_qc,7,L05_SNP_editing,hdr_f50,hdr_graded,SNP,True,50.0,55.9,5.899999999999999,50.0,42.6,0.0,0.0,0.326
assured_qc,8,L05_SNP_editing,hdr_f75,hdr_graded,SNP,True,75.0,79.1,4.099999999999994,75.0,67.4,0.0,0.0,0.33
assured_qc,9,L05_SNP_editing,hdr_f100,hdr_graded,SNP,True,100.0,100.0,0.0,100.0,100.0,0.0,0.0,0.49
assured_qc,10,L05_SNP_editing,hdr_het_ins,hdr_with_indel,SNP,True,100.0,98.7,-1.2999999999999972,50.0,46.3,50.0,49.4,0.397
assured_qc,11,L05_SNP_editing,hdr_het_del,hdr_with_indel,SNP,True,100.0,100.0,0.0,50.0,45.8,0.0,0.0,0.374
assured_qc,12,L05_SNP_editing,partial_near_hom,partial_conversion,SNP,True,100.0,98.1,-1.9000000000000057,0.0,0.0,0.0,0.0,0.333
assured_qc,13,L05_SNP_editing,partial_far_het,partial_conversion,SNP,True,50.0,42.8,-7.200000000000003,0.0,1.0,0.0,0.0,0.394
assured_qc,14,L05_SNP_editing,partial_mix,partial_conversion,SNP,True,80.0,81.8,1.7999999999999972,20.0,17.1,0.0,0.0,0.363
assured_qc,15,L05_SNP_editing,het_del2,hom_or_het_small_indel,SNP,True,50.0,50.3,0.29999999999999716,0.0,0.0,50.0,50.3,0.396
assured_qc,16,L05_SNP_editing,hom_ins1,hom_or_het_small_indel,SNP,True,100.0,99.7,-0.29999999999999716,0.0,0.0,100.0,99.7,0.282
assured_qc,17,L05_SNP_editing,het_del8,hom_or_het_small_indel,SNP,True,50.0,52.1,2.1000000000000014,0.0,0.0,50.0,50.0,0.308
assured_qc,18,L05_SNP_editing,mix1,mixed_alleles,SNP,True,70.0,70.7,0.7000000000000028,40.0,32.3,30.0,30.1,0.322
assured_qc,19,L05_SNP_editing,mix2,mixed_alleles,SNP,True,80.0,82.4,2.4000000000000057,30.0,29.5,50.0,50.6,0.339
assured_qc,20,L05_SNP_editing,stress_hdr10,noisy,SNP,True,10.0,12.1,2.0999999999999996,10.0,9.4,0.0,0.0,0.391
assured_qc,21,L05_SNP_editing,stress_hdr50,noisy,SNP,True,50.0,52.3,2.299999999999997,50.0,43.7,0.0,0.0,0.333
assured_qc,22,L05_SNP_editing,hard_hdr25,noisy,SNP,True,25.0,34.8,9.799999999999997,25.0,18.3,0.0,0.0,0.279
assured_qc,23,L05_SNP_editing,hard_het_del2,noisy,SNP,True,50.0,51.1,1.1000000000000014,0.0,0.0,50.0,48.7,0.297
assured_qc,24,L10_SNP_editing,wt_rep1,wt,SNP,True,0.0,1.1,1.1,0.0,0.0,0.0,0.0,0.312
assured_qc,25,L10_SNP_editing,wt_rep2,wt,SNP,True,0.0,0.0,0.0,0.0,0.0,0.0,0.0,0.281
assured_qc,26,L10_SNP_editing,wt_rep3,wt,SNP,True,0.0,0.1,0.1,0.0,0.0,0.0,0.0,0.301
assured_qc,27,L10_SNP_editing,hdr_f2,hdr_graded,SNP,True,2.0,1.6,-0.3999999999999999,2.0,1.6,0.0,0.0,0.357
assured_qc,28,L10_SNP_editing,hdr_f5,hdr_graded,SNP,True,5.0,4.6,-0.40000000000000036,5.0,4.6,0.0,0.0,0.314
assured_qc,29,L10_SNP_editing,hdr_f10,hdr_graded,SNP,True,10.0,6.9,-3.0999999999999996,10.0,6.9,0.0,0.0,0.275
assured_qc,30,L10_SNP_editing,hdr_f25,hdr_graded,SNP,True,25.0,21.7,-3.3000000000000007,25.0,19.7,0.0,0.0,0.286
assured_qc,31,L10_SNP_editing,hdr_f50,hdr_graded,SNP,True,50.0,42.2,-7.799999999999997,50.0,39.0,0.0,0.0,0.35
assured_qc,32,L10_SNP_editing,hdr_f75,hdr_graded,SNP,True,75.0,66.1,-8.900000000000006,75.0,65.9,0.0,0.0,0.315
assured_qc,33,L10_SNP_editing,hdr_f100,hdr_graded,SNP,True,100.0,99.6,-0.4000000000000057,100.0,99.6,0.0,0.0,0.339
assured_qc,34,L10_SNP_editing,hdr_het_ins,hdr_with_indel,SNP,True,100.0,96.5,-3.5,50.0,22.4,50.0,50.4,0.318
assured_qc,35,L10_SNP_editing,hdr_het_del,hdr_with_indel,SNP,True,100.0,88.0,-12.0,50.0,38.2,0.0,0.0,0.345
assured_qc,36,L10_SNP_editing,hdrindel_wt,hdr_with_indel,SNP,True,50.0,50.5,0.5,0.0,0.0,50.0,50.5,0.321
assured_qc,37,L10_SNP_editing,partial_near_hom,partial_conversion,SNP,True,100.0,92.2,-7.799999999999997,0.0,2.1,0.0,0.0,0.336
assured_qc,38,L10_SNP_editing,partial_far_het,partial_conversion,SNP,True,50.0,38.7,-11.299999999999997,0.0,2.2,0.0,0.0,0.336
assured_qc,39,L10_SNP_editing,partial_mix,partial_conversion,SNP,True,80.0,79.5,-0.5,20.0,17.0,0.0,0.0,0.365
assured_qc,40,L10_SNP_editing,het_del2,hom_or_het_small_indel,SNP,True,50.0,49.5,-0.5,0.0,0.0,50.0,49.5,0.318
assured_qc,41,L10_SNP_editing,hom_ins1,hom_or_het_small_indel,SNP,True,100.0,99.0,-1.0,0.0,0.0,100.0,98.9,0.317
assured_qc,42,L10_SNP_editing,het_del8,hom_or_het_small_indel,SNP,True,50.0,53.9,3.8999999999999986,0.0,0.6,50.0,50.2,0.411
assured_qc,43,L10_SNP_editing,mix1,mixed_alleles,SNP,True,70.0,63.4,-6.600000000000001,40.0,24.4,30.0,30.8,0.345
assured_qc,44,L10_SNP_editing,mix2,mixed_alleles,SNP,True,80.0,74.8,-5.200000000000003,30.0,16.1,50.0,50.5,0.469
assured_qc,45,L10_SNP_editing,stress_hdr10,noisy,SNP,True,10.0,7.7,-2.3,10.0,2.1,0.0,0.0,0.412
assured_qc,46,L10_SNP_editing,stress_hdr50,noisy,SNP,True,50.0,49.1,-0.8999999999999986,50.0,39.2,0.0,0.0,0.492
assured_qc,47,L10_SNP_editing,hard_hdr25,noisy,SNP,True,25.0,29.5,4.5,25.0,17.1,0.0,0.0,0.321
assured_qc,48,L10_SNP_editing,hard_het_del2,noisy,SNP,True,50.0,47.6,-2.3999999999999986,0.0,0.0,50.0,47.6,0.31
assured_qc,49,L02_KO_SNP_editing,wt_rep1,wt,KO,True,0.0,0.0,0.0,,,0.0,0.0,1.444
assured_qc,50,L02_KO_SNP_editing,wt_rep2,wt,KO,True,0.0,0.0,0.0,,,0.0,0.0,1.564
assured_qc,51,L02_KO_SNP_editing,wt_rep3,wt,KO,True,0.0,0.0,0.0,,,0.0,0.0,1.011
assured_qc,52,L02_KO_SNP_editing,het_del1,hom_or_het_small_indel,KO,True,50.0,49.7,-0.29999999999999716,,,50.0,49.7,0.975
assured_qc,53,L02_KO_SNP_editing,het_del2,hom_or_het_small_indel,KO,True,50.0,49.7,-0.29999999999999716,,,50.0,47.4,0.922
assured_qc,54,L02_KO_SNP_editing,het_del4,hom_or_het_small_indel,KO,True,50.0,51.1,1.1000000000000014,,,50.0,51.1,1.065
assured_qc,55,L02_KO_SNP_editing,hom_del1,hom_or_het_small_indel,KO,True,100.0,98.4,-1.5999999999999943,,,100.0,96.4,0.927
assured_qc,56,L02_KO_SNP_editing,het_ins1,hom_or_het_small_indel,KO,True,50.0,50.5,0.5,,,50.0,48.7,1.302
assured_qc,57,L02_KO_SNP_editing,hom_ins1,hom_or_het_small_indel,KO,True,100.0,100.0,0.0,,,100.0,98.5,1.393
assured_qc,58,L02_KO_SNP_editing,het_ins6,hom_or_het_small_indel,KO,True,50.0,49.3,-0.7000000000000028,,,0.0,0.0,0.928
assured_qc,59,L02_KO_SNP_editing,cmp_del3_ins1,compound_het,KO,True,100.0,100.0,0.0,,,50.0,49.4,0.904
assured_qc,60,L02_KO_SNP_editing,between_f2,two_cut_graded,KO,True,2.0,1.2,-0.8,,,2.0,1.2,0.677
assured_qc,61,L02_KO_SNP_editing,between_f5,two_cut_graded,KO,True,5.0,4.9,-0.09999999999999964,,,5.0,4.6,0.696
assured_qc,62,L02_KO_SNP_editing,between_f10,two_cut_graded,KO,True,10.0,9.5,-0.5,,,10.0,8.9,0.777
assured_qc,63,L02_KO_SNP_editing,between_f25,two_cut_graded,KO,True,25.0,23.9,-1.1000000000000014,,,25.0,23.9,0.719
assured_qc,64,L02_KO_SNP_editing,between_f50,two_cut_graded,KO,True,50.0,51.8,1.7999999999999972,,,50.0,51.8,0.765
assured_qc,65,L02_KO_SNP_editing,between_f75,two_cut_graded,KO,True,75.0,76.5,1.5,,,75.0,76.5,0.815
assured_qc,66,L02_KO_SNP_editing,between_f100,two_cut_graded,KO,True,100.0,100.0,0.0,,,100.0,100.0,0.791
assured_qc,67,L02_KO_SNP_editing,between_jit_hom,two_cut_junction_shift,KO,True,100.0,99.0,-1.0,,,100.0,99.0,0.896
assured_qc,68,L02_KO_SNP_editing,between_jit_het,two_cut_junction_shift,KO,True,50.0,54.2,4.200000000000003,,,50.0,53.3,0.969
assured_qc,69,L02_KO_SNP_editing,large_del40_het,large_deletion,KO,True,50.0,50.1,0.10000000000000142,,,50.0,50.1,1.58
assured_qc,70,L02_KO_SNP_editing,large_del80_het,large_deletion,KO,True,50.0,59.6,9.600000000000001,,,50.0,49.3,1.074
assured_qc,71,L02_KO_SNP_editing,between_ins,two_cut_plus_indel,KO,True,100.0,100.0,0.0,,,100.0,98.6,0.759
assured_qc,72,L02_KO_SNP_editing,between_del_wt,two_cut_plus_indel,KO,True,70.0,71.3,1.2999999999999972,,,70.0,69.0,0.691
assured_qc,73,L02_KO_SNP_editing,pool2,pool,KO,True,90.559,91.8,1.2409999999999997,,,90.559,88.5,0.84
assured_qc,74,L02_KO_SNP_editing,lod_ins1_f2,low_fraction_indel,KO,True,2.0,0.4,-1.6,,,2.0,0.4,1.015
assured_qc,75,L02_KO_SNP_editing,lod_ins1_f5,low_fraction_indel,KO,True,5.0,3.7,-1.2999999999999998,,,5.0,3.7,1.07
assured_qc,76,L02_KO_SNP_editing,lod_ins1_f10,low_fraction_indel,KO,True,10.0,9.4,-0.5999999999999996,,,10.0,9.4,0.924
assured_qc,77,L02_KO_SNP_editing,hard_between25,noisy,KO,True,25.0,33.5,8.5,,,25.0,17.6,0.668
assured_qc,78,L02_KO_SNP_editing,hard_het_del2,noisy,KO,True,50.0,45.5,-4.5,,,50.0,45.5,1.083
assured_qc,79,L03_KO_SNP_editing,wt_rep1,wt,KO,True,0.0,0.0,0.0,,,0.0,0.0,0.438
assured_qc,80,L03_KO_SNP_editing,wt_rep2,wt,KO,True,0.0,0.1,0.1,,,0.0,0.0,0.446
assured_qc,81,L03_KO_SNP_editing,wt_rep3,wt,KO,True,0.0,0.0,0.0,,,0.0,0.0,0.481
assured_qc,82,L03_KO_SNP_editing,het_del1,hom_or_het_small_indel,KO,True,50.0,49.0,-1.0,,,50.0,49.0,0.433
assured_qc,83,L03_KO_SNP_editing,het_del2,hom_or_het_small_indel,KO,True,50.0,50.5,0.5,,,50.0,50.5,0.405
assured_qc,84,L03_KO_SNP_editing,het_del4,hom_or_het_small_indel,KO,True,50.0,49.4,-0.6000000000000014,,,50.0,49.4,0.44
assured_qc,85,L03_KO_SNP_editing,het_del7,hom_or_het_small_indel,KO,True,50.0,49.7,-0.29999999999999716,,,50.0,49.7,0.379
assured_qc,86,L03_KO_SNP_editing,hom_del1,hom_or_het_small_indel,KO,True,100.0,99.7,-0.29999999999999716,,,100.0,99.7,0.461
assured_qc,87,L03_KO_SNP_editing,hom_del5,hom_or_het_small_indel,KO,True,100.0,100.0,0.0,,,100.0,99.5,0.358
assured_qc,88,L03_KO_SNP_editing,het_ins1,hom_or_het_small_indel,KO,True,50.0,50.4,0.3999999999999986,,,50.0,50.4,0.415
assured_qc,89,L03_KO_SNP_editing,hom_ins1,hom_or_het_small_indel,KO,True,100.0,99.6,-0.4000000000000057,,,100.0,99.5,0.4
assured_qc,90,L03_KO_SNP_editing,het_ins6,hom_or_het_small_indel,KO,True,50.0,50.1,0.10000000000000142,,,0.0,0.0,0.408
assured_qc,91,L03_KO_SNP_editing,cmp_del3_ins1,compound_het,KO,True,100.0,99.7,-0.29999999999999716,,,50.0,49.9,0.487
assured_qc,92,L03_KO_SNP_editing,cmp_del11_del5,compound_het,KO,True,100.0,99.8,-0.20000000000000284,,,100.0,99.8,0.422
assured_qc,93,L03_KO_SNP_editing,between_f2,two_cut_graded,KO,True,2.0,1.4,-0.6000000000000001,,,2.0,1.4,0.437
assured_qc,94,L03_KO_SNP_editing,between_f5,two_cut_graded,KO,True,5.0,5.2,0.20000000000000018,,,5.0,5.2,0.446
assured_qc,95,L03_KO_SNP_editing,between_f10,two_cut_graded,KO,True,10.0,8.9,-1.0999999999999996,,,10.0,8.7,0.431
assured_qc,96,L03_KO_SNP_editing,between_f25,two_cut_graded,KO,True,25.0,25.7,0.6999999999999993,,,25.0,25.7,0.394
assured_qc,97,L03_KO_SNP_editing,between_f50,two_cut_graded,KO,True,50.0,50.4,0.3999999999999986,,,50.0,50.4,0.423
assured_qc,98,L03_KO_SNP_editing,between_f75,two_cut_graded,KO,True,75.0,74.2,-0.7999999999999972,,,75.0,74.2,0.398
assured_qc,99,L03_KO_SNP_editing,between_f100,two_cut_graded,KO,True,100.0,100.0,0.0,,,100.0,99.7,0.387
assured_qc,100,L03_KO_SNP_editing,between_jit_hom,two_cut_junction_shift,KO,True,100.0,100.0,0.0,,,100.0,100.0,0.421
assured_qc,101,L03_KO_SNP_editing,between_jit_het,two_cut_junction_shift,KO,True,50.0,49.8,-0.20000000000000284,,,50.0,49.8,0.418
assured_qc,102,L03_KO_SNP_editing,large_del40_het,large_deletion,KO,True,50.0,50.4,0.3999999999999986,,,50.0,50.4,0.595
assured_qc,103,L03_KO_SNP_editing,large_del80_het,large_deletion,KO,True,50.0,50.5,0.5,,,50.0,50.5,0.597
assured_qc,104,L03_KO_SNP_editing,large_del150_het,large_deletion,KO,False,50.0,,,,,50.0,,0.119
assured_qc,105,L03_KO_SNP_editing,large_del80_hom,large_deletion,KO,True,100.0,100.0,0.0,,,100.0,100.0,0.61
assured_qc,106,L03_KO_SNP_editing,between_ins,two_cut_plus_indel,KO,True,100.0,100.0,0.0,,,100.0,99.9,0.378
assured_qc,107,L03_KO_SNP_editing,between_del_wt,two_cut_plus_indel,KO,True,70.0,70.6,0.5999999999999943,,,70.0,70.6,0.378
assured_qc,108,L03_KO_SNP_editing,pool1,pool,KO,True,76.805,76.3,-0.5050000000000097,,,68.913,68.5,0.407
assured_qc,109,L03_KO_SNP_editing,pool2,pool,KO,True,85.495,83.8,-1.6950000000000074,,,35.488,29.8,0.374
assured_qc,110,L03_KO_SNP_editing,lod_ins1_f2,low_fraction_indel,KO,True,2.0,1.7,-0.30000000000000004,,,2.0,1.7,0.433
assured_qc,111,L03_KO_SNP_editing,lod_ins1_f5,low_fraction_indel,KO,True,5.0,5.0,0.0,,,5.0,5.0,0.357
assured_qc,112,L03_KO_SNP_editing,lod_ins1_f10,low_fraction_indel,KO,True,10.0,9.8,-0.1999999999999993,,,10.0,9.8,0.384
assured_qc,113,L03_KO_SNP_editing,hard_between25,noisy,KO,True,25.0,22.9,-2.1000000000000014,,,25.0,22.9,0.399
assured_qc,114,L03_KO_SNP_editing,hard_het_del2,noisy,KO,True,50.0,49.8,-0.20000000000000284,,,50.0,49.5,0.386
assured_qc,115,L01_KO_SNP_editing,wt_rep1,wt,KO,True,0.0,0.0,0.0,,,0.0,0.0,1.196
assured_qc,116,L01_KO_SNP_editing,wt_rep2,wt,KO,True,0.0,0.0,0.0,,,0.0,0.0,1.193
assured_qc,117,L01_KO_SNP_editing,wt_rep3,wt,KO,True,0.0,0.0,0.0,,,0.0,0.0,1.087
assured_qc,118,L01_KO_SNP_editing,het_del1,hom_or_het_small_indel,KO,True,50.0,50.1,0.10000000000000142,,,50.0,50.1,1.116
assured_qc,119,L01_KO_SNP_editing,het_del2,hom_or_het_small_indel,KO,True,50.0,51.0,1.0,,,50.0,48.1,1.054
assured_qc,120,L01_KO_SNP_editing,het_del4,hom_or_het_small_indel,KO,True,50.0,50.4,0.3999999999999986,,,50.0,50.4,1.058
assured_qc,121,L01_KO_SNP_editing,het_del7,hom_or_het_small_indel,KO,True,50.0,50.5,0.5,,,50.0,50.5,1.159
assured_qc,122,L01_KO_SNP_editing,hom_del1,hom_or_het_small_indel,KO,True,100.0,98.9,-1.0999999999999943,,,100.0,98.9,1.056
assured_qc,123,L01_KO_SNP_editing,hom_del5,hom_or_het_small_indel,KO,True,100.0,100.0,0.0,,,100.0,94.6,1.134
assured_qc,124,L01_KO_SNP_editing,het_ins1,hom_or_het_small_indel,KO,True,50.0,46.2,-3.799999999999997,,,50.0,46.2,1.095
assured_qc,125,L01_KO_SNP_editing,hom_ins1,hom_or_het_small_indel,KO,True,100.0,93.9,-6.099999999999994,,,100.0,93.9,1.23
assured_qc,126,L01_KO_SNP_editing,het_ins6,hom_or_het_small_indel,KO,True,50.0,50.4,0.3999999999999986,,,0.0,3.2,1.08
assured_qc,127,L01_KO_SNP_editing,cmp_del3_ins1,compound_het,KO,True,100.0,96.5,-3.5,,,50.0,49.5,1.234
assured_qc,128,L01_KO_SNP_editing,cmp_del11_del5,compound_het,KO,True,100.0,100.0,0.0,,,100.0,94.5,1.215
assured_qc,129,L01_KO_SNP_editing,between_f2,two_cut_graded,KO,True,2.0,1.7,-0.30000000000000004,,,2.0,1.6,1.225
assured_qc,130,L01_KO_SNP_editing,between_f5,two_cut_graded,KO,True,5.0,4.7,-0.2999999999999998,,,5.0,4.7,1.24
assured_qc,131,L01_KO_SNP_editing,between_f10,two_cut_graded,KO,True,10.0,9.6,-0.40000000000000036,,,10.0,9.6,1.221
assured_qc,132,L01_KO_SNP_editing,between_f25,two_cut_graded,KO,True,25.0,24.1,-0.8999999999999986,,,25.0,24.1,1.162
assured_qc,133,L01_KO_SNP_editing,between_f50,two_cut_graded,KO,True,50.0,49.2,-0.7999999999999972,,,50.0,49.2,1.101
assured_qc,134,L01_KO_SNP_editing,between_f75,two_cut_graded,KO,True,75.0,74.6,-0.4000000000000057,,,75.0,74.6,1.194
assured_qc,135,L01_KO_SNP_editing,between_f100,two_cut_graded,KO,True,100.0,99.4,-0.5999999999999943,,,100.0,97.8,1.267
assured_qc,136,L01_KO_SNP_editing,between_jit_hom,two_cut_junction_shift,KO,True,100.0,100.0,0.0,,,100.0,100.0,1.18
assured_qc,137,L01_KO_SNP_editing,between_jit_het,two_cut_junction_shift,KO,True,50.0,49.6,-0.3999999999999986,,,50.0,49.6,1.325
assured_qc,138,L01_KO_SNP_editing,large_del40_het,large_deletion,KO,True,50.0,50.2,0.20000000000000284,,,50.0,50.2,2.175
assured_qc,139,L01_KO_SNP_editing,large_del80_het,large_deletion,KO,True,50.0,48.7,-1.2999999999999972,,,50.0,48.7,2.237
assured_qc,140,L01_KO_SNP_editing,large_del150_het,large_deletion,KO,True,50.0,49.2,-0.7999999999999972,,,50.0,49.2,1.763
assured_qc,141,L01_KO_SNP_editing,large_del80_hom,large_deletion,KO,True,100.0,99.4,-0.5999999999999943,,,100.0,99.4,2.284
assured_qc,142,L01_KO_SNP_editing,between_ins,two_cut_plus_indel,KO,True,100.0,96.9,-3.0999999999999943,,,100.0,96.9,1.1
assured_qc,143,L01_KO_SNP_editing,between_del_wt,two_cut_plus_indel,KO,True,70.0,70.6,0.5999999999999943,,,70.0,70.6,1.127
assured_qc,144,L01_KO_SNP_editing,pool1,pool,KO,True,91.43,90.6,-0.8300000000000125,,,80.523,78.9,1.101
assured_qc,145,L01_KO_SNP_editing,pool2,pool,KO,True,69.438,68.1,-1.338000000000008,,,57.132,54.6,1.11
assured_qc,146,L01_KO_SNP_editing,lod_ins1_f2,low_fraction_indel,KO,True,2.0,1.7,-0.30000000000000004,,,2.0,1.7,1.023
assured_qc,147,L01_KO_SNP_editing,lod_ins1_f5,low_fraction_indel,KO,True,5.0,3.9,-1.1,,,5.0,3.9,1.066
assured_qc,148,L01_KO_SNP_editing,lod_ins1_f10,low_fraction_indel,KO,True,10.0,9.3,-0.6999999999999993,,,10.0,9.3,1.073
assured_qc,149,L01_KO_SNP_editing,hard_between25,noisy,KO,True,25.0,22.9,-2.1000000000000014,,,25.0,22.9,1.206
assured_qc,150,L01_KO_SNP_editing,hard_het_del2,noisy,KO,True,50.0,46.1,-3.8999999999999986,,,50.0,46.1,1.199
assured_qc,151,L04_KO_SNP_editing,wt_rep1,wt,KO,True,0.0,0.0,0.0,,,0.0,0.0,0.865
assured_qc,152,L04_KO_SNP_editing,wt_rep2,wt,KO,True,0.0,0.0,0.0,,,0.0,0.0,0.881
assured_qc,153,L04_KO_SNP_editing,wt_rep3,wt,KO,True,0.0,0.0,0.0,,,0.0,0.0,0.866
assured_qc,154,L04_KO_SNP_editing,het_del1,hom_or_het_small_indel,KO,True,50.0,50.1,0.10000000000000142,,,50.0,50.1,0.854
assured_qc,155,L04_KO_SNP_editing,het_del2,hom_or_het_small_indel,KO,True,50.0,50.5,0.5,,,50.0,50.5,0.859
assured_qc,156,L04_KO_SNP_editing,het_del4,hom_or_het_small_indel,KO,True,50.0,50.4,0.3999999999999986,,,50.0,50.4,0.863
assured_qc,157,L04_KO_SNP_editing,het_del7,hom_or_het_small_indel,KO,True,50.0,50.6,0.6000000000000014,,,50.0,50.6,0.799
assured_qc,158,L04_KO_SNP_editing,hom_del1,hom_or_het_small_indel,KO,True,100.0,99.4,-0.5999999999999943,,,100.0,99.4,0.889
assured_qc,159,L04_KO_SNP_editing,hom_del5,hom_or_het_small_indel,KO,True,100.0,100.0,0.0,,,100.0,99.9,0.868
assured_qc,160,L04_KO_SNP_editing,het_ins1,hom_or_het_small_indel,KO,True,50.0,49.5,-0.5,,,50.0,49.5,0.812
assured_qc,161,L04_KO_SNP_editing,hom_ins1,hom_or_het_small_indel,KO,True,100.0,99.5,-0.5,,,100.0,99.5,0.913
assured_qc,162,L04_KO_SNP_editing,het_ins6,hom_or_het_small_indel,KO,True,50.0,49.9,-0.10000000000000142,,,0.0,0.0,0.882
assured_qc,163,L04_KO_SNP_editing,cmp_del3_ins1,compound_het,KO,True,100.0,99.4,-0.5999999999999943,,,50.0,49.3,0.915
assured_qc,164,L04_KO_SNP_editing,cmp_del11_del5,compound_het,KO,True,100.0,100.0,0.0,,,100.0,99.8,0.85
assured_qc,165,L04_KO_SNP_editing,between_f2,two_cut_graded,KO,True,2.0,1.4,-0.6000000000000001,,,2.0,1.3,0.872
assured_qc,166,L04_KO_SNP_editing,between_f5,two_cut_graded,KO,True,5.0,3.9,-1.1,,,5.0,3.9,1.009
assured_qc,167,L04_KO_SNP_editing,between_f10,two_cut_graded,KO,True,10.0,10.0,0.0,,,10.0,10.0,1.113
assured_qc,168,L04_KO_SNP_editing,between_f25,two_cut_graded,KO,True,25.0,25.1,0.10000000000000142,,,25.0,25.1,0.868
assured_qc,169,L04_KO_SNP_editing,between_f50,two_cut_graded,KO,True,50.0,49.3,-0.7000000000000028,,,50.0,49.2,0.907
assured_qc,170,L04_KO_SNP_editing,between_f75,two_cut_graded,KO,True,75.0,73.9,-1.0999999999999943,,,75.0,73.7,0.863
assured_qc,171,L04_KO_SNP_editing,between_f100,two_cut_graded,KO,True,100.0,100.0,0.0,,,100.0,99.8,0.855
assured_qc,172,L04_KO_SNP_editing,between_jit_hom,two_cut_junction_shift,KO,True,100.0,100.0,0.0,,,100.0,99.9,0.895
assured_qc,173,L04_KO_SNP_editing,between_jit_het,two_cut_junction_shift,KO,True,50.0,49.9,-0.10000000000000142,,,50.0,49.9,0.878
assured_qc,174,L04_KO_SNP_editing,large_del40_het,large_deletion,KO,True,50.0,49.0,-1.0,,,50.0,49.0,1.647
assured_qc,175,L04_KO_SNP_editing,large_del80_het,large_deletion,KO,True,50.0,48.6,-1.3999999999999986,,,50.0,48.6,1.425
assured_qc,176,L04_KO_SNP_editing,large_del150_het,large_deletion,KO,False,50.0,,,,,50.0,,0.009
assured_qc,177,L04_KO_SNP_editing,large_del80_hom,large_deletion,KO,True,100.0,100.0,0.0,,,100.0,98.6,1.417
assured_qc,178,L04_KO_SNP_editing,between_ins,two_cut_plus_indel,KO,True,100.0,100.0,0.0,,,100.0,99.7,0.823
assured_qc,179,L04_KO_SNP_editing,between_del_wt,two_cut_plus_indel,KO,True,70.0,69.9,-0.09999999999999432,,,70.0,69.9,0.907
assured_qc,180,L04_KO_SNP_editing,pool1,pool,KO,True,90.454,91.0,0.5460000000000065,,,31.895,32.3,0.917
assured_qc,181,L04_KO_SNP_editing,pool2,pool,KO,True,88.848,88.2,-0.6479999999999961,,,81.018,80.7,0.859
assured_qc,182,L04_KO_SNP_editing,lod_ins1_f2,low_fraction_indel,KO,True,2.0,1.2,-0.8,,,2.0,1.2,0.952
assured_qc,183,L04_KO_SNP_editing,lod_ins1_f5,low_fraction_indel,KO,True,5.0,4.5,-0.5,,,5.0,4.5,0.878
assured_qc,184,L04_KO_SNP_editing,lod_ins1_f10,low_fraction_indel,KO,True,10.0,10.2,0.1999999999999993,,,10.0,10.2,0.934
assured_qc,185,L04_KO_SNP_editing,hard_between25,noisy,KO,True,25.0,24.1,-0.8999999999999986,,,25.0,21.9,1.02
assured_qc,186,L04_KO_SNP_editing,hard_het_del2,noisy,KO,True,50.0,49.0,-1.0,,,50.0,49.0,0.934
assured_qc,187,L06_KO_SNP_editing,wt_rep1,wt,KO,True,0.0,0.0,0.0,,,0.0,0.0,0.779
assured_qc,188,L06_KO_SNP_editing,wt_rep2,wt,KO,True,0.0,0.0,0.0,,,0.0,0.0,0.846
assured_qc,189,L06_KO_SNP_editing,wt_rep3,wt,KO,True,0.0,0.0,0.0,,,0.0,0.0,0.885
assured_qc,190,L06_KO_SNP_editing,het_del1,hom_or_het_small_indel,KO,True,50.0,48.3,-1.7000000000000028,,,50.0,48.3,0.817
assured_qc,191,L06_KO_SNP_editing,het_del2,hom_or_het_small_indel,KO,True,50.0,49.1,-0.8999999999999986,,,50.0,49.1,0.852
assured_qc,192,L06_KO_SNP_editing,het_del4,hom_or_het_small_indel,KO,True,50.0,49.6,-0.3999999999999986,,,50.0,49.6,0.737
assured_qc,193,L06_KO_SNP_editing,het_del7,hom_or_het_small_indel,KO,True,50.0,49.7,-0.29999999999999716,,,50.0,49.7,0.741
assured_qc,194,L06_KO_SNP_editing,hom_del1,hom_or_het_small_indel,KO,True,100.0,98.7,-1.2999999999999972,,,100.0,98.7,0.809
assured_qc,195,L06_KO_SNP_editing,hom_del5,hom_or_het_small_indel,KO,True,100.0,100.0,0.0,,,100.0,100.0,0.775
assured_qc,196,L06_KO_SNP_editing,het_ins1,hom_or_het_small_indel,KO,True,50.0,49.6,-0.3999999999999986,,,50.0,49.6,0.808
assured_qc,197,L06_KO_SNP_editing,hom_ins1,hom_or_het_small_indel,KO,True,100.0,99.4,-0.5999999999999943,,,100.0,99.4,0.728
assured_qc,198,L06_KO_SNP_editing,het_ins6,hom_or_het_small_indel,KO,True,50.0,50.0,0.0,,,0.0,0.0,0.726
assured_qc,199,L06_KO_SNP_editing,cmp_del3_ins1,compound_het,KO,True,100.0,100.0,0.0,,,50.0,49.9,0.785
assured_qc,200,L06_KO_SNP_editing,cmp_del11_del5,compound_het,KO,True,100.0,100.0,0.0,,,100.0,100.0,0.782
assured_qc,201,L06_KO_SNP_editing,between_f2,two_cut_graded,KO,True,2.0,1.9,-0.10000000000000009,,,2.0,1.6,0.749
assured_qc,202,L06_KO_SNP_editing,between_f5,two_cut_graded,KO,True,5.0,4.5,-0.5,,,5.0,4.3,0.724
assured_qc,203,L06_KO_SNP_editing,between_f10,two_cut_graded,KO,True,10.0,9.3,-0.6999999999999993,,,10.0,9.3,0.703
assured_qc,204,L06_KO_SNP_editing,between_f25,two_cut_graded,KO,True,25.0,23.4,-1.6000000000000014,,,25.0,23.4,0.775
assured_qc,205,L06_KO_SNP_editing,between_f50,two_cut_graded,KO,True,50.0,49.3,-0.7000000000000028,,,50.0,49.3,0.782
assured_qc,206,L06_KO_SNP_editing,between_f75,two_cut_graded,KO,True,75.0,73.4,-1.5999999999999943,,,75.0,73.4,0.704
assured_qc,207,L06_KO_SNP_editing,between_f100,two_cut_graded,KO,True,100.0,100.0,0.0,,,100.0,96.3,0.751
assured_qc,208,L06_KO_SNP_editing,between_jit_hom,two_cut_junction_shift,KO,True,100.0,100.0,0.0,,,0.0,0.0,0.717
assured_qc,209,L06_KO_SNP_editing,between_jit_het,two_cut_junction_shift,KO,True,50.0,48.6,-1.3999999999999986,,,0.0,0.0,0.687
assured_qc,210,L06_KO_SNP_editing,large_del40_het,large_deletion,KO,True,50.0,48.4,-1.6000000000000014,,,50.0,48.4,1.176
assured_qc,211,L06_KO_SNP_editing,large_del80_het,large_deletion,KO,True,50.0,48.0,-2.0,,,50.0,48.0,0.955
assured_qc,212,L06_KO_SNP_editing,large_del150_het,large_deletion,KO,True,50.0,46.4,-3.6000000000000014,,,50.0,37.2,0.469
assured_qc,213,L06_KO_SNP_editing,large_del80_hom,large_deletion,KO,True,100.0,98.6,-1.4000000000000057,,,100.0,98.6,0.94
assured_qc,214,L06_KO_SNP_editing,between_ins,two_cut_plus_indel,KO,True,100.0,100.0,0.0,,,100.0,100.0,0.792
assured_qc,215,L06_KO_SNP_editing,between_del_wt,two_cut_plus_indel,KO,True,70.0,70.1,0.09999999999999432,,,70.0,70.1,0.806
assured_qc,216,L06_KO_SNP_editing,pool1,pool,KO,True,81.327,81.2,-0.12699999999999534,,,62.174,62.6,0.893
assured_qc,217,L06_KO_SNP_editing,pool2,pool,KO,True,98.921,99.7,0.7789999999999964,,,98.921,99.7,0.865
assured_qc,218,L06_KO_SNP_editing,lod_ins1_f2,low_fraction_indel,KO,True,2.0,1.9,-0.10000000000000009,,,2.0,1.9,0.747
assured_qc,219,L06_KO_SNP_editing,lod_ins1_f5,low_fraction_indel,KO,True,5.0,4.4,-0.5999999999999996,,,5.0,4.4,0.827
assured_qc,220,L06_KO_SNP_editing,lod_ins1_f10,low_fraction_indel,KO,True,10.0,9.8,-0.1999999999999993,,,10.0,9.8,0.91
assured_qc,221,L06_KO_SNP_editing,hard_between25,noisy,KO,True,25.0,32.3,7.299999999999997,,,25.0,19.7,0.943
assured_qc,222,L06_KO_SNP_editing,hard_het_del2,noisy,KO,True,50.0,54.9,4.899999999999999,,,50.0,40.7,0.815
assured_qc,223,L07_SNP_editing,wt_rep1,wt,SNP,True,0.0,0.8,0.8,0.0,0.8,0.0,0.0,0.361
assured_qc,224,L07_SNP_editing,wt_rep2,wt,SNP,True,0.0,1.1,1.1,0.0,1.1,0.0,0.0,0.407
assured_qc,225,L07_SNP_editing,wt_rep3,wt,SNP,True,0.0,0.8,0.8,0.0,0.8,0.0,0.0,0.387
assured_qc,226,L07_SNP_editing,hdr_f2,hdr_graded,SNP,True,2.0,1.3,-0.7,2.0,1.3,0.0,0.0,0.362
assured_qc,227,L07_SNP_editing,hdr_f5,hdr_graded,SNP,True,5.0,4.0,-1.0,5.0,4.0,0.0,0.0,0.387
assured_qc,228,L07_SNP_editing,hdr_f10,hdr_graded,SNP,True,10.0,12.7,2.6999999999999993,10.0,12.7,0.0,0.0,0.383
assured_qc,229,L07_SNP_editing,hdr_f25,hdr_graded,SNP,True,25.0,25.8,0.8000000000000007,25.0,25.8,0.0,0.0,0.439
assured_qc,230,L07_SNP_editing,hdr_f50,hdr_graded,SNP,True,50.0,48.9,-1.1000000000000014,50.0,48.9,0.0,0.0,0.454
assured_qc,231,L07_SNP_editing,hdr_f75,hdr_graded,SNP,True,75.0,75.1,0.09999999999999432,75.0,75.1,0.0,0.0,0.422
assured_qc,232,L07_SNP_editing,hdr_f100,hdr_graded,SNP,True,100.0,100.0,0.0,100.0,100.0,0.0,0.0,0.35
assured_qc,233,L07_SNP_editing,hdr_het_ins,hdr_with_indel,SNP,True,100.0,95.1,-4.900000000000006,50.0,45.0,50.0,50.1,0.335
assured_qc,234,L07_SNP_editing,hdr_het_del,hdr_with_indel,SNP,True,100.0,97.7,-2.299999999999997,50.0,47.2,0.0,0.0,0.372
assured_qc,235,L07_SNP_editing,hdrindel_wt,hdr_with_indel,SNP,True,50.0,97.8,47.8,0.0,47.6,50.0,50.2,0.503
assured_qc,236,L07_SNP_editing,het_del2,hom_or_het_small_indel,SNP,True,50.0,50.1,0.10000000000000142,0.0,0.0,50.0,50.1,0.426
assured_qc,237,L07_SNP_editing,hom_ins1,hom_or_het_small_indel,SNP,True,100.0,100.0,0.0,0.0,0.0,100.0,99.7,0.339
assured_qc,238,L07_SNP_editing,het_del8,hom_or_het_small_indel,SNP,True,50.0,50.0,0.0,0.0,0.0,50.0,50.0,0.356
assured_qc,239,L07_SNP_editing,mix1,mixed_alleles,SNP,True,70.0,69.4,-0.5999999999999943,40.0,38.7,30.0,30.7,0.359
assured_qc,240,L07_SNP_editing,mix2,mixed_alleles,SNP,True,80.0,77.8,-2.200000000000003,30.0,27.3,50.0,50.5,0.439
assured_qc,241,L07_SNP_editing,stress_hdr10,noisy,SNP,True,10.0,10.6,0.5999999999999996,10.0,7.0,0.0,0.0,0.388
assured_qc,242,L07_SNP_editing,stress_hdr50,noisy,SNP,True,50.0,48.9,-1.1000000000000014,50.0,45.9,0.0,0.0,0.407
assured_qc,243,L07_SNP_editing,hard_hdr25,noisy,SNP,True,25.0,26.2,1.1999999999999993,25.0,15.2,0.0,0.0,0.403
assured_qc,244,L07_SNP_editing,hard_het_del2,noisy,SNP,True,50.0,50.4,0.3999999999999986,0.0,0.0,50.0,47.1,0.316
assured_qc,245,L05_KO_SNP_editing,wt_rep1,wt,KO,True,0.0,0.0,0.0,,,0.0,0.0,0.443
assured_qc,246,L05_KO_SNP_editing,wt_rep2,wt,KO,True,0.0,0.0,0.0,,,0.0,0.0,0.402
assured_qc,247,L05_KO_SNP_editing,wt_rep3,wt,KO,True,0.0,0.0,0.0,,,0.0,0.0,0.417
assured_qc,248,L05_KO_SNP_editing,het_del1,hom_or_het_small_indel,KO,True,50.0,49.7,-0.29999999999999716,,,50.0,49.7,0.428
assured_qc,249,L05_KO_SNP_editing,het_del2,hom_or_het_small_indel,KO,True,50.0,50.2,0.20000000000000284,,,50.0,50.2,0.401
assured_qc,250,L05_KO_SNP_editing,het_del4,hom_or_het_small_indel,KO,True,50.0,49.6,-0.3999999999999986,,,50.0,49.6,0.505
assured_qc,251,L05_KO_SNP_editing,het_del7,hom_or_het_small_indel,KO,True,50.0,49.8,-0.20000000000000284,,,50.0,49.8,0.416
assured_qc,252,L05_KO_SNP_editing,hom_del1,hom_or_het_small_indel,KO,True,100.0,100.0,0.0,,,100.0,99.6,0.4
assured_qc,253,L05_KO_SNP_editing,hom_del5,hom_or_het_small_indel,KO,True,100.0,100.0,0.0,,,100.0,99.7,0.425
assured_qc,254,L05_KO_SNP_editing,het_ins1,hom_or_het_small_indel,KO,True,50.0,50.5,0.5,,,50.0,50.5,0.439
assured_qc,255,L05_KO_SNP_editing,hom_ins1,hom_or_het_small_indel,KO,True,100.0,100.0,0.0,,,100.0,99.7,0.434
assured_qc,256,L05_KO_SNP_editing,het_ins6,hom_or_het_small_indel,KO,True,50.0,50.5,0.5,,,0.0,0.0,0.397
assured_qc,257,L05_KO_SNP_editing,cmp_del3_ins1,compound_het,KO,True,100.0,99.7,-0.29999999999999716,,,50.0,50.4,0.434
assured_qc,258,L05_KO_SNP_editing,cmp_del11_del5,compound_het,KO,True,100.0,99.5,-0.5,,,100.0,99.5,0.411
assured_qc,259,L05_KO_SNP_editing,between_f2,two_cut_graded,KO,True,2.0,2.1,0.10000000000000009,,,2.0,2.1,0.56
assured_qc,260,L05_KO_SNP_editing,between_f5,two_cut_graded,KO,True,5.0,4.6,-0.40000000000000036,,,5.0,4.5,0.498
assured_qc,261,L05_KO_SNP_editing,between_f10,two_cut_graded,KO,True,10.0,10.3,0.3000000000000007,,,10.0,10.3,0.438
assured_qc,262,L05_KO_SNP_editing,between_f25,two_cut_graded,KO,True,25.0,25.0,0.0,,,25.0,25.0,0.426
assured_qc,263,L05_KO_SNP_editing,between_f50,two_cut_graded,KO,True,50.0,49.6,-0.3999999999999986,,,50.0,49.6,0.415
assured_qc,264,L05_KO_SNP_editing,between_f75,two_cut_graded,KO,True,75.0,74.4,-0.5999999999999943,,,75.0,74.4,0.463
assured_qc,265,L05_KO_SNP_editing,between_f100,two_cut_graded,KO,True,100.0,100.0,0.0,,,100.0,99.7,0.436
assured_qc,266,L05_KO_SNP_editing,between_jit_hom,two_cut_junction_shift,KO,True,100.0,100.0,0.0,,,100.0,100.0,0.418
assured_qc,267,L05_KO_SNP_editing,between_jit_het,two_cut_junction_shift,KO,True,50.0,49.6,-0.3999999999999986,,,50.0,49.6,0.435
assured_qc,268,L05_KO_SNP_editing,large_del40_het,large_deletion,KO,True,50.0,49.1,-0.8999999999999986,,,50.0,49.1,0.809
assured_qc,269,L05_KO_SNP_editing,large_del80_het,large_deletion,KO,True,50.0,48.9,-1.1000000000000014,,,50.0,48.9,0.734
assured_qc,270,L05_KO_SNP_editing,large_del150_het,large_deletion,KO,True,50.0,47.5,-2.5,,,50.0,47.5,0.399
assured_qc,271,L05_KO_SNP_editing,large_del80_hom,large_deletion,KO,True,100.0,100.0,0.0,,,100.0,100.0,0.746
assured_qc,272,L05_KO_SNP_editing,between_ins,two_cut_plus_indel,KO,True,100.0,100.0,0.0,,,100.0,100.0,0.469
assured_qc,273,L05_KO_SNP_editing,between_del_wt,two_cut_plus_indel,KO,True,70.0,69.6,-0.4000000000000057,,,70.0,69.6,0.45
assured_qc,274,L05_KO_SNP_editing,pool1,pool,KO,True,69.403,68.6,-0.8030000000000115,,,69.284,68.6,0.439
assured_qc,275,L05_KO_SNP_editing,pool2,pool,KO,True,97.008,97.2,0.19200000000000728,,,75.71,75.9,0.465
assured_qc,276,L05_KO_SNP_editing,lod_ins1_f2,low_fraction_indel,KO,True,2.0,2.0,0.0,,,2.0,2.0,0.416
assured_qc,277,L05_KO_SNP_editing,lod_ins1_f5,low_fraction_indel,KO,True,5.0,5.4,0.40000000000000036,,,5.0,5.4,0.406
assured_qc,278,L05_KO_SNP_editing,lod_ins1_f10,low_fraction_indel,KO,True,10.0,10.6,0.5999999999999996,,,10.0,10.6,0.456
assured_qc,279,L05_KO_SNP_editing,hard_between25,noisy,KO,True,25.0,23.0,-2.0,,,25.0,21.9,0.41
assured_qc,280,L05_KO_SNP_editing,hard_het_del2,noisy,KO,True,50.0,47.9,-2.1000000000000014,,,50.0,47.9,0.498
assured_qc,281,L11_SNP_editing,wt_rep1,wt,SNP,True,0.0,0.0,0.0,0.0,0.0,0.0,0.0,0.357
assured_qc,282,L11_SNP_editing,wt_rep2,wt,SNP,True,0.0,0.0,0.0,0.0,0.0,0.0,0.0,0.371
assured_qc,283,L11_SNP_editing,wt_rep3,wt,SNP,True,0.0,0.0,0.0,0.0,0.0,0.0,0.0,0.366
assured_qc,284,L11_SNP_editing,hdr_f2,hdr_graded,SNP,True,2.0,1.3,-0.7,2.0,1.3,0.0,0.0,0.339
assured_qc,285,L11_SNP_editing,hdr_f5,hdr_graded,SNP,True,5.0,1.4,-3.6,5.0,1.4,0.0,0.0,0.391
assured_qc,286,L11_SNP_editing,hdr_f10,hdr_graded,SNP,True,10.0,7.5,-2.5,10.0,7.5,0.0,0.0,0.37
assured_qc,287,L11_SNP_editing,hdr_f25,hdr_graded,SNP,True,25.0,19.2,-5.800000000000001,25.0,19.2,0.0,0.0,0.332
assured_qc,288,L11_SNP_editing,hdr_f50,hdr_graded,SNP,True,50.0,44.9,-5.100000000000001,50.0,44.9,0.0,0.0,0.354
assured_qc,289,L11_SNP_editing,hdr_f75,hdr_graded,SNP,True,75.0,69.7,-5.299999999999997,75.0,69.7,0.0,0.0,0.307
assured_qc,290,L11_SNP_editing,hdr_f100,hdr_graded,SNP,True,100.0,99.0,-1.0,100.0,99.0,0.0,0.0,0.335
assured_qc,291,L11_SNP_editing,hdr_het_ins,hdr_with_indel,SNP,True,100.0,100.0,0.0,50.0,50.8,50.0,49.2,0.333
assured_qc,292,L11_SNP_editing,hdr_het_del,hdr_with_indel,SNP,True,100.0,100.0,0.0,50.0,50.1,0.0,0.0,0.371
assured_qc,293,L11_SNP_editing,het_del2,hom_or_het_small_indel,SNP,True,50.0,49.4,-0.6000000000000014,0.0,0.0,50.0,49.4,0.329
assured_qc,294,L11_SNP_editing,hom_ins1,hom_or_het_small_indel,SNP,True,100.0,99.7,-0.29999999999999716,0.0,0.0,100.0,99.7,0.338
assured_qc,295,L11_SNP_editing,het_del8,hom_or_het_small_indel,SNP,True,50.0,49.8,-0.20000000000000284,0.0,0.0,50.0,49.8,0.326
assured_qc,296,L11_SNP_editing,mix1,mixed_alleles,SNP,True,70.0,64.8,-5.200000000000003,40.0,35.4,30.0,29.3,0.339
assured_qc,297,L11_SNP_editing,mix2,mixed_alleles,SNP,True,80.0,79.0,-1.0,30.0,29.4,50.0,49.6,0.388
assured_qc,298,L11_SNP_editing,stress_hdr10,noisy,SNP,True,10.0,5.7,-4.3,10.0,3.9,0.0,0.0,0.289
assured_qc,299,L11_SNP_editing,stress_hdr50,noisy,SNP,True,50.0,43.7,-6.299999999999997,50.0,41.4,0.0,0.0,0.298
assured_qc,300,L11_SNP_editing,hard_hdr25,noisy,SNP,True,25.0,34.6,9.600000000000001,25.0,20.8,0.0,0.0,0.294
assured_qc,301,L11_SNP_editing,hard_het_del2,noisy,SNP,True,50.0,50.6,0.6000000000000014,0.0,2.6,50.0,48.0,0.336
assured_qc,302,L08_SNP_editing,wt_rep1,wt,SNP,True,0.0,0.0,0.0,0.0,0.0,0.0,0.0,0.383
assured_qc,303,L08_SNP_editing,wt_rep2,wt,SNP,True,0.0,1.2,1.2,0.0,1.2,0.0,0.0,0.396
assured_qc,304,L08_SNP_editing,wt_rep3,wt,SNP,True,0.0,4.4,4.4,0.0,1.7,0.0,0.0,0.371
assured_qc,305,L08_SNP_editing,hdr_f2,hdr_graded,SNP,True,2.0,2.7,0.7000000000000002,2.0,2.7,0.0,0.0,0.341
assured_qc,306,L08_SNP_editing,hdr_f5,hdr_graded,SNP,True,5.0,6.9,1.9000000000000004,5.0,4.1,0.0,0.0,0.387
assured_qc,307,L08_SNP_editing,hdr_f10,hdr_graded,SNP,True,10.0,13.6,3.5999999999999996,10.0,8.0,0.0,0.0,0.417
assured_qc,308,L08_SNP_editing,hdr_f25,hdr_graded,SNP,True,25.0,35.0,10.0,25.0,21.1,0.0,0.0,0.443
assured_qc,309,L08_SNP_editing,hdr_f50,hdr_graded,SNP,True,50.0,62.2,12.200000000000003,50.0,41.6,0.0,0.0,0.394
assured_qc,310,L08_SNP_editing,hdr_f75,hdr_graded,SNP,True,75.0,82.6,7.599999999999994,75.0,70.2,0.0,0.0,0.424
assured_qc,311,L08_SNP_editing,hdr_f100,hdr_graded,SNP,True,100.0,100.0,0.0,100.0,100.0,0.0,0.0,0.419
assured_qc,312,L08_SNP_editing,hdr_het_ins,hdr_with_indel,SNP,True,100.0,100.0,0.0,50.0,41.9,50.0,50.4,0.477
assured_qc,313,L08_SNP_editing,hdr_het_del,hdr_with_indel,SNP,True,100.0,100.0,0.0,50.0,43.8,0.0,0.0,0.472
assured_qc,314,L08_SNP_editing,hdrindel_wt,hdr_with_indel,SNP,True,50.0,54.9,4.899999999999999,0.0,4.1,50.0,50.9,0.435
assured_qc,315,L08_SNP_editing,partial_near_hom,partial_conversion,SNP,True,100.0,98.9,-1.0999999999999943,0.0,1.0,0.0,0.0,0.437
assured_qc,316,L08_SNP_editing,partial_far_het,partial_conversion,SNP,True,50.0,61.6,11.600000000000001,0.0,1.0,0.0,0.0,0.428
assured_qc,317,L08_SNP_editing,partial_mix,partial_conversion,SNP,True,80.0,74.9,-5.099999999999994,20.0,30.4,0.0,0.0,0.428
assured_qc,318,L08_SNP_editing,het_del2,hom_or_het_small_indel,SNP,True,50.0,52.8,2.799999999999997,0.0,0.0,50.0,49.8,0.4
assured_qc,319,L08_SNP_editing,hom_ins1,hom_or_het_small_indel,SNP,True,100.0,99.4,-0.5999999999999943,0.0,0.0,100.0,99.4,0.416
assured_qc,320,L08_SNP_editing,het_del8,hom_or_het_small_indel,SNP,True,50.0,60.3,10.299999999999997,0.0,1.2,50.0,49.9,0.472
assured_qc,321,L08_SNP_editing,mix1,mixed_alleles,SNP,True,70.0,76.9,6.900000000000006,40.0,33.0,30.0,31.1,0.48
assured_qc,322,L08_SNP_editing,mix2,mixed_alleles,SNP,True,80.0,83.6,3.5999999999999943,30.0,24.1,50.0,50.2,0.551
assured_qc,323,L08_SNP_editing,stress_hdr10,noisy,SNP,True,10.0,13.9,3.9000000000000004,10.0,9.5,0.0,0.0,0.43
assured_qc,324,L08_SNP_editing,stress_hdr50,noisy,SNP,True,50.0,59.4,9.399999999999999,50.0,40.8,0.0,0.0,0.405
assured_qc,325,L08_SNP_editing,hard_hdr25,noisy,SNP,True,25.0,38.0,13.0,25.0,17.3,0.0,0.0,0.402
assured_qc,326,L08_SNP_editing,hard_het_del2,noisy,SNP,True,50.0,47.7,-2.299999999999997,0.0,0.0,50.0,47.7,0.496
assured_qc,327,L09_Exn20_SNP_editing,wt_rep1,wt,SNP,True,0.0,2.3,2.3,0.0,0.0,0.0,0.0,0.325
assured_qc,328,L09_Exn20_SNP_editing,wt_rep2,wt,SNP,True,0.0,0.6,0.6,0.0,0.6,0.0,0.0,0.298
assured_qc,329,L09_Exn20_SNP_editing,wt_rep3,wt,SNP,True,0.0,0.0,0.0,0.0,0.0,0.0,0.0,0.474
assured_qc,330,L09_Exn20_SNP_editing,hdr_f2,hdr_graded,SNP,True,2.0,2.5,0.5,2.0,2.5,0.0,0.0,0.301
assured_qc,331,L09_Exn20_SNP_editing,hdr_f5,hdr_graded,SNP,True,5.0,5.1,0.09999999999999964,5.0,4.6,0.0,0.0,0.32
assured_qc,332,L09_Exn20_SNP_editing,hdr_f10,hdr_graded,SNP,True,10.0,12.7,2.6999999999999993,10.0,12.7,0.0,0.0,0.583
assured_qc,333,L09_Exn20_SNP_editing,hdr_f25,hdr_graded,SNP,True,25.0,28.6,3.6000000000000014,25.0,26.1,0.0,0.0,0.331
assured_qc,334,L09_Exn20_SNP_editing,hdr_f50,hdr_graded,SNP,True,50.0,60.1,10.100000000000001,50.0,53.3,0.0,0.0,0.34
assured_qc,335,L09_Exn20_SNP_editing,hdr_f75,hdr_graded,SNP,True,75.0,78.2,3.200000000000003,75.0,78.2,0.0,0.0,0.487
assured_qc,336,L09_Exn20_SNP_editing,hdr_f100,hdr_graded,SNP,True,100.0,100.0,0.0,100.0,100.0,0.0,0.0,0.373
assured_qc,337,L09_Exn20_SNP_editing,hdr_het_ins,hdr_with_indel,SNP,True,100.0,100.0,0.0,50.0,50.1,50.0,49.9,0.385
assured_qc,338,L09_Exn20_SNP_editing,hdr_het_del,hdr_with_indel,SNP,True,100.0,100.0,0.0,50.0,50.1,0.0,0.0,0.342
assured_qc,339,L09_Exn20_SNP_editing,partial_near_hom,partial_conversion,SNP,True,100.0,100.0,0.0,0.0,0.0,0.0,0.0,0.375
assured_qc,340,L09_Exn20_SNP_editing,partial_far_het,partial_conversion,SNP,True,50.0,56.3,6.299999999999997,0.0,1.4,0.0,0.0,0.323
assured_qc,341,L09_Exn20_SNP_editing,partial_mix,partial_conversion,SNP,True,80.0,82.9,2.9000000000000057,20.0,21.7,0.0,0.0,0.41
assured_qc,342,L09_Exn20_SNP_editing,het_del2,hom_or_het_small_indel,SNP,True,50.0,53.4,3.3999999999999986,0.0,0.8,50.0,49.7,0.474
assured_qc,343,L09_Exn20_SNP_editing,hom_ins1,hom_or_het_small_indel,SNP,True,100.0,99.5,-0.5,0.0,0.0,100.0,99.5,0.304
assured_qc,344,L09_Exn20_SNP_editing,het_del8,hom_or_het_small_indel,SNP,True,50.0,54.9,4.899999999999999,0.0,0.7,50.0,49.6,0.345
assured_qc,345,L09_Exn20_SNP_editing,mix1,mixed_alleles,SNP,True,70.0,74.7,4.700000000000003,40.0,43.3,30.0,29.9,0.34
assured_qc,346,L09_Exn20_SNP_editing,mix2,mixed_alleles,SNP,True,80.0,87.1,7.099999999999994,30.0,32.5,50.0,50.0,0.313
assured_qc,347,L09_Exn20_SNP_editing,stress_hdr10,noisy,SNP,True,10.0,19.5,9.5,10.0,8.4,0.0,0.0,0.303
assured_qc,348,L09_Exn20_SNP_editing,stress_hdr50,noisy,SNP,True,50.0,60.0,10.0,50.0,55.6,0.0,0.0,0.378
assured_qc,349,L09_Exn20_SNP_editing,hard_hdr25,noisy,SNP,True,25.0,37.2,12.200000000000003,25.0,25.3,0.0,0.0,0.336
assured_qc,350,L09_Exn20_SNP_editing,hard_het_del2,noisy,SNP,True,50.0,64.5,14.5,0.0,3.4,50.0,47.8,0.363
assured_qc,351,L07_SNP_editing,wt_rep1,wt,SNP,True,0.0,6.5,6.5,0.0,6.5,0.0,0.0,0.371
assured_qc,352,L07_SNP_editing,wt_rep2,wt,SNP,True,0.0,0.0,0.0,0.0,0.0,0.0,0.0,0.396
assured_qc,353,L07_SNP_editing,wt_rep3,wt,SNP,True,0.0,0.0,0.0,0.0,0.0,0.0,0.0,0.427
assured_qc,354,L07_SNP_editing,hdr_f2,hdr_graded,SNP,True,2.0,1.6,-0.3999999999999999,2.0,1.6,0.0,0.0,0.374
assured_qc,355,L07_SNP_editing,hdr_f5,hdr_graded,SNP,True,5.0,1.9,-3.1,5.0,1.9,0.0,0.0,0.382
assured_qc,356,L07_SNP_editing,hdr_f10,hdr_graded,SNP,True,10.0,11.6,1.5999999999999996,10.0,11.6,0.0,0.0,0.333
assured_qc,357,L07_SNP_editing,hdr_f25,hdr_graded,SNP,True,25.0,22.2,-2.8000000000000007,25.0,22.2,0.0,0.0,0.391
assured_qc,358,L07_SNP_editing,hdr_f50,hdr_graded,SNP,True,50.0,45.2,-4.799999999999997,50.0,45.2,0.0,0.0,0.37
assured_qc,359,L07_SNP_editing,hdr_f75,hdr_graded,SNP,True,75.0,72.3,-2.700000000000003,75.0,72.3,0.0,0.0,0.35
assured_qc,360,L07_SNP_editing,hdr_f100,hdr_graded,SNP,True,100.0,99.2,-0.7999999999999972,100.0,99.2,0.0,0.0,0.347
assured_qc,361,L07_SNP_editing,hdr_het_ins,hdr_with_indel,SNP,True,100.0,95.1,-4.900000000000006,50.0,45.2,50.0,50.0,0.337
assured_qc,362,L07_SNP_editing,hdr_het_del,hdr_with_indel,SNP,True,100.0,98.4,-1.5999999999999943,50.0,48.2,0.0,0.0,0.391
assured_qc,363,L07_SNP_editing,hdrindel_wt,hdr_with_indel,SNP,True,50.0,96.3,46.3,0.0,46.2,50.0,50.1,0.376
assured_qc,364,L07_SNP_editing,het_del2,hom_or_het_small_indel,SNP,True,50.0,50.2,0.20000000000000284,0.0,0.0,50.0,50.2,0.413
assured_qc,365,L07_SNP_editing,hom_ins1,hom_or_het_small_indel,SNP,True,100.0,99.7,-0.29999999999999716,0.0,0.0,100.0,99.7,0.382
assured_qc,366,L07_SNP_editing,het_del8,hom_or_het_small_indel,SNP,True,50.0,50.1,0.10000000000000142,0.0,0.0,50.0,50.1,0.337
assured_qc,367,L07_SNP_editing,mix1,mixed_alleles,SNP,True,70.0,66.3,-3.700000000000003,40.0,37.1,30.0,29.2,0.369
assured_qc,368,L07_SNP_editing,mix2,mixed_alleles,SNP,True,80.0,73.4,-6.599999999999994,30.0,22.9,50.0,50.6,0.345
assured_qc,369,L07_SNP_editing,stress_hdr10,noisy,SNP,True,10.0,15.9,5.9,10.0,12.4,0.0,0.0,0.35
assured_qc,370,L07_SNP_editing,stress_hdr50,noisy,SNP,True,50.0,48.0,-2.0,50.0,42.9,0.0,0.0,0.352
assured_qc,371,L07_SNP_editing,hard_hdr25,noisy,SNP,True,25.0,24.2,-0.8000000000000007,25.0,11.2,0.0,0.0,0.368
assured_qc,372,L07_SNP_editing,hard_het_del2,noisy,SNP,True,50.0,47.7,-2.299999999999997,0.0,0.0,50.0,47.5,0.349
assured_qc,373,L10_SNP_editing,wt_rep1,wt,SNP,True,0.0,6.6,6.6,0.0,2.1,0.0,0.0,0.328
assured_qc,374,L10_SNP_editing,wt_rep2,wt,SNP,True,0.0,0.0,0.0,0.0,0.0,0.0,0.0,0.299
assured_qc,375,L10_SNP_editing,wt_rep3,wt,SNP,True,0.0,0.0,0.0,0.0,0.0,0.0,0.0,0.314
assured_qc,376,L10_SNP_editing,hdr_f2,hdr_graded,SNP,True,2.0,1.7,-0.30000000000000004,2.0,1.7,0.0,0.0,0.317
assured_qc,377,L10_SNP_editing,hdr_f5,hdr_graded,SNP,True,5.0,2.2,-2.8,5.0,2.2,0.0,0.0,0.339
assured_qc,378,L10_SNP_editing,hdr_f10,hdr_graded,SNP,True,10.0,12.2,2.1999999999999993,10.0,6.3,0.0,0.0,0.291
assured_qc,379,L10_SNP_editing,hdr_f25,hdr_graded,SNP,True,25.0,21.5,-3.5,25.0,16.2,0.0,0.0,0.314
assured_qc,380,L10_SNP_editing,hdr_f50,hdr_graded,SNP,True,50.0,41.7,-8.299999999999997,50.0,39.7,0.0,0.0,0.308
assured_qc,381,L10_SNP_editing,hdr_f75,hdr_graded,SNP,True,75.0,70.9,-4.099999999999994,75.0,67.3,0.0,0.0,0.312
assured_qc,382,L10_SNP_editing,hdr_f100,hdr_graded,SNP,True,100.0,99.7,-0.29999999999999716,100.0,99.7,0.0,0.0,0.326
assured_qc,383,L10_SNP_editing,hdr_het_ins,hdr_with_indel,SNP,True,100.0,100.0,0.0,50.0,26.8,50.0,50.8,0.383
assured_qc,384,L10_SNP_editing,hdr_het_del,hdr_with_indel,SNP,True,100.0,89.2,-10.799999999999997,50.0,36.4,0.0,0.0,0.334
assured_qc,385,L10_SNP_editing,hdrindel_wt,hdr_with_indel,SNP,True,50.0,50.6,0.6000000000000014,0.0,0.0,50.0,50.6,0.306
assured_qc,386,L10_SNP_editing,partial_near_hom,partial_conversion,SNP,True,100.0,98.4,-1.5999999999999943,0.0,1.0,0.0,0.0,0.292
assured_qc,387,L10_SNP_editing,partial_far_het,partial_conversion,SNP,True,50.0,39.0,-11.0,0.0,0.0,0.0,0.0,0.356
assured_qc,388,L10_SNP_editing,partial_mix,partial_conversion,SNP,True,80.0,75.7,-4.299999999999997,20.0,14.7,0.0,0.0,0.35
assured_qc,389,L10_SNP_editing,het_del2,hom_or_het_small_indel,SNP,True,50.0,49.6,-0.3999999999999986,0.0,0.0,50.0,49.6,0.352
assured_qc,390,L10_SNP_editing,hom_ins1,hom_or_het_small_indel,SNP,True,100.0,99.0,-1.0,0.0,0.0,100.0,99.0,0.286
assured_qc,391,L10_SNP_editing,het_del8,hom_or_het_small_indel,SNP,True,50.0,52.8,2.799999999999997,0.0,2.4,50.0,50.4,0.289
assured_qc,392,L10_SNP_editing,mix1,mixed_alleles,SNP,True,70.0,69.1,-0.9000000000000057,40.0,19.4,30.0,31.2,0.326
assured_qc,393,L10_SNP_editing,mix2,mixed_alleles,SNP,True,80.0,77.1,-2.9000000000000057,30.0,14.1,50.0,50.5,0.318
assured_qc,394,L10_SNP_editing,stress_hdr10,noisy,SNP,True,10.0,10.4,0.40000000000000036,10.0,5.7,0.0,0.0,0.394
assured_qc,395,L10_SNP_editing,stress_hdr50,noisy,SNP,True,50.0,46.8,-3.200000000000003,50.0,36.7,0.0,0.0,0.359
assured_qc,396,L10_SNP_editing,hard_hdr25,noisy,SNP,True,25.0,29.4,4.399999999999999,25.0,14.1,0.0,0.0,0.335
assured_qc,397,L10_SNP_editing,hard_het_del2,noisy,SNP,True,50.0,47.6,-2.3999999999999986,0.0,0.0,50.0,46.8,0.379
ice,0,L05_SNP_editing,wt_rep1,wt,SNP,True,0.0,0.0,0.0,0.0,0.0,0.0,0.0,17.7
ice,1,L05_SNP_editing,wt_rep2,wt,SNP,True,0.0,0.0,0.0,0.0,0.0,0.0,0.0,18.3
ice,2,L05_SNP_editing,wt_rep3,wt,SNP,True,0.0,0.0,0.0,0.0,0.0,0.0,0.0,19.2
ice,3,L05_SNP_editing,hdr_f2,hdr_graded,SNP,True,2.0,0.0,-2.0,2.0,0.0,0.0,0.0,19.4
ice,4,L05_SNP_editing,hdr_f5,hdr_graded,SNP,True,5.0,3.0,-2.0,5.0,3.0,0.0,0.0,18.1
ice,5,L05_SNP_editing,hdr_f10,hdr_graded,SNP,True,10.0,10.0,0.0,10.0,10.0,0.0,0.0,17.5
ice,6,L05_SNP_editing,hdr_f25,hdr_graded,SNP,True,25.0,25.0,0.0,25.0,25.0,0.0,0.0,17.8
ice,7,L05_SNP_editing,hdr_f50,hdr_graded,SNP,True,50.0,51.0,1.0,50.0,51.0,0.0,0.0,18.5
ice,8,L05_SNP_editing,hdr_f75,hdr_graded,SNP,True,75.0,76.0,1.0,75.0,76.0,0.0,0.0,5.8
ice,9,L05_SNP_editing,hdr_f100,hdr_graded,SNP,True,100.0,100.0,0.0,100.0,100.0,0.0,0.0,6.3
ice,10,L05_SNP_editing,hdr_het_ins,hdr_with_indel,SNP,True,100.0,98.0,-2.0,50.0,49.0,50.0,49.0,6.2
ice,11,L05_SNP_editing,hdr_het_del,hdr_with_indel,SNP,True,100.0,99.0,-1.0,50.0,49.0,0.0,0.0,6.1
ice,12,L05_SNP_editing,partial_near_hom,partial_conversion,SNP,True,100.0,51.0,-49.0,0.0,51.0,0.0,0.0,6.1
ice,13,L05_SNP_editing,partial_far_het,partial_conversion,SNP,True,50.0,21.0,-29.0,0.0,21.0,0.0,0.0,6.1
ice,14,L05_SNP_editing,partial_mix,partial_conversion,SNP,True,80.0,49.0,-31.0,20.0,49.0,0.0,0.0,5.7
ice,15,L05_SNP_editing,het_del2,hom_or_het_small_indel,SNP,True,50.0,50.0,0.0,0.0,0.0,50.0,50.0,7.0
ice,16,L05_SNP_editing,hom_ins1,hom_or_het_small_indel,SNP,True,100.0,99.0,-1.0,0.0,0.0,100.0,99.0,5.4
ice,17,L05_SNP_editing,het_del8,hom_or_het_small_indel,SNP,True,50.0,52.0,2.0,0.0,2.0,50.0,50.0,5.9
ice,18,L05_SNP_editing,mix1,mixed_alleles,SNP,True,70.0,66.0,-4.0,40.0,37.0,30.0,28.999999999999996,5.6
ice,19,L05_SNP_editing,mix2,mixed_alleles,SNP,True,80.0,81.0,1.0,30.0,32.0,50.0,49.0,5.5
ice,20,L05_SNP_editing,stress_hdr10,noisy,SNP,True,10.0,8.0,-2.0,10.0,8.0,0.0,0.0,5.5
ice,21,L05_SNP_editing,stress_hdr50,noisy,SNP,True,50.0,50.0,0.0,50.0,50.0,0.0,0.0,5.5
ice,22,L05_SNP_editing,hard_hdr25,noisy,SNP,True,25.0,20.0,-5.0,25.0,18.0,0.0,2.0,5.5
ice,23,L05_SNP_editing,hard_het_del2,noisy,SNP,True,50.0,46.0,-4.0,0.0,0.0,50.0,46.0,6.6
ice,24,L10_SNP_editing,wt_rep1,wt,SNP,True,0.0,2.0,2.0,0.0,2.0,0.0,0.0,3.8
ice,25,L10_SNP_editing,wt_rep2,wt,SNP,True,0.0,0.0,0.0,0.0,0.0,0.0,0.0,4.0
ice,26,L10_SNP_editing,wt_rep3,wt,SNP,True,0.0,0.0,0.0,0.0,0.0,0.0,0.0,4.1
ice,27,L10_SNP_editing,hdr_f2,hdr_graded,SNP,True,2.0,0.0,-2.0,2.0,0.0,0.0,0.0,4.2
ice,28,L10_SNP_editing,hdr_f5,hdr_graded,SNP,True,5.0,8.0,3.0,5.0,8.0,0.0,0.0,3.8
ice,29,L10_SNP_editing,hdr_f10,hdr_graded,SNP,True,10.0,6.0,-4.0,10.0,6.0,0.0,0.0,4.2
ice,30,L10_SNP_editing,hdr_f25,hdr_graded,SNP,True,25.0,22.0,-3.0,25.0,22.0,0.0,0.0,4.4
ice,31,L10_SNP_editing,hdr_f50,hdr_graded,SNP,True,50.0,49.0,-1.0,50.0,49.0,0.0,0.0,4.1
ice,32,L10_SNP_editing,hdr_f75,hdr_graded,SNP,True,75.0,84.0,9.0,75.0,84.0,0.0,0.0,4.3
ice,33,L10_SNP_editing,hdr_f100,hdr_graded,SNP,True,100.0,99.0,-1.0,100.0,99.0,0.0,0.0,4.3
ice,34,L10_SNP_editing,hdr_het_ins,hdr_with_indel,SNP,True,100.0,97.0,-3.0,50.0,46.0,50.0,51.0,4.2
ice,35,L10_SNP_editing,hdr_het_del,hdr_with_indel,SNP,True,100.0,94.0,-6.0,50.0,45.0,0.0,0.0,4.0
ice,36,L10_SNP_editing,hdrindel_wt,hdr_with_indel,SNP,True,50.0,78.0,28.0,0.0,28.000000000000004,50.0,50.0,4.3
ice,37,L10_SNP_editing,partial_near_hom,partial_conversion,SNP,True,100.0,36.0,-64.0,0.0,36.0,0.0,0.0,3.8
ice,38,L10_SNP_editing,partial_far_het,partial_conversion,SNP,True,50.0,33.0,-17.0,0.0,33.0,0.0,0.0,4.1
ice,39,L10_SNP_editing,partial_mix,partial_conversion,SNP,True,80.0,41.0,-39.0,20.0,41.0,0.0,0.0,4.0
ice,40,L10_SNP_editing,het_del2,hom_or_het_small_indel,SNP,True,50.0,49.0,-1.0,0.0,0.0,50.0,49.0,5.1
ice,41,L10_SNP_editing,hom_ins1,hom_or_het_small_indel,SNP,True,100.0,99.0,-1.0,0.0,0.0,100.0,99.0,3.8
ice,42,L10_SNP_editing,het_del8,hom_or_het_small_indel,SNP,True,50.0,49.0,-1.0,0.0,0.0,50.0,49.0,3.6
ice,43,L10_SNP_editing,mix1,mixed_alleles,SNP,True,70.0,64.0,-6.0,40.0,34.0,30.0,30.0,4.1
ice,44,L10_SNP_editing,mix2,mixed_alleles,SNP,True,80.0,72.0,-8.0,30.0,22.0,50.0,50.0,3.9
ice,45,L10_SNP_editing,stress_hdr10,noisy,SNP,True,10.0,5.0,-5.0,10.0,5.0,0.0,0.0,4.1
ice,46,L10_SNP_editing,stress_hdr50,noisy,SNP,True,50.0,49.0,-1.0,50.0,49.0,0.0,0.0,3.7
ice,47,L10_SNP_editing,hard_hdr25,noisy,SNP,True,25.0,22.0,-3.0,25.0,22.0,0.0,0.0,3.5
ice,48,L10_SNP_editing,hard_het_del2,noisy,SNP,True,50.0,47.0,-3.0,0.0,2.0,50.0,45.0,5.4
ice,49,L02_KO_SNP_editing,wt_rep1,wt,KO,True,0.0,0.0,0.0,,,0.0,0.0,34.0
ice,50,L02_KO_SNP_editing,wt_rep2,wt,KO,True,0.0,0.0,0.0,,,0.0,0.0,36.3
ice,51,L02_KO_SNP_editing,wt_rep3,wt,KO,True,0.0,0.0,0.0,,,0.0,0.0,34.0
ice,52,L02_KO_SNP_editing,het_del1,hom_or_het_small_indel,KO,True,50.0,49.0,-1.0,,,50.0,49.0,35.0
ice,53,L02_KO_SNP_editing,het_del2,hom_or_het_small_indel,KO,True,50.0,49.0,-1.0,,,50.0,49.0,34.0
ice,54,L02_KO_SNP_editing,het_del4,hom_or_het_small_indel,KO,True,50.0,50.0,0.0,,,50.0,50.0,33.7
ice,55,L02_KO_SNP_editing,hom_del1,hom_or_het_small_indel,KO,True,100.0,100.0,0.0,,,100.0,100.0,34.8
ice,56,L02_KO_SNP_editing,het_ins1,hom_or_het_small_indel,KO,True,50.0,50.0,0.0,,,50.0,50.0,35.9
ice,57,L02_KO_SNP_editing,hom_ins1,hom_or_het_small_indel,KO,True,100.0,99.0,-1.0,,,100.0,99.0,27.8
ice,58,L02_KO_SNP_editing,het_ins6,hom_or_het_small_indel,KO,True,50.0,50.0,0.0,,,0.0,0.0,28.7
ice,59,L02_KO_SNP_editing,cmp_del3_ins1,compound_het,KO,True,100.0,97.0,-3.0,,,50.0,48.0,28.8
ice,60,L02_KO_SNP_editing,between_f2,two_cut_graded,KO,True,2.0,0.0,-2.0,,,2.0,0.0,27.1
ice,61,L02_KO_SNP_editing,between_f5,two_cut_graded,KO,True,5.0,2.0,-3.0,,,5.0,2.0,27.2
ice,62,L02_KO_SNP_editing,between_f10,two_cut_graded,KO,True,10.0,7.0,-3.0,,,10.0,7.000000000000001,28.1
ice,63,L02_KO_SNP_editing,between_f25,two_cut_graded,KO,True,25.0,24.0,-1.0,,,25.0,24.0,27.2
ice,64,L02_KO_SNP_editing,between_f50,two_cut_graded,KO,True,50.0,49.0,-1.0,,,50.0,49.0,24.7
ice,65,L02_KO_SNP_editing,between_f75,two_cut_graded,KO,True,75.0,74.0,-1.0,,,75.0,74.0,25.5
ice,66,L02_KO_SNP_editing,between_f100,two_cut_graded,KO,True,100.0,100.0,0.0,,,100.0,100.0,25.4
ice,67,L02_KO_SNP_editing,between_jit_hom,two_cut_junction_shift,KO,True,100.0,38.0,-62.0,,,100.0,31.0,24.1
ice,68,L02_KO_SNP_editing,between_jit_het,two_cut_junction_shift,KO,True,50.0,45.0,-5.0,,,50.0,36.0,25.1
ice,69,L02_KO_SNP_editing,large_del40_het,large_deletion,KO,True,50.0,51.0,1.0,,,50.0,51.0,23.5
ice,70,L02_KO_SNP_editing,large_del80_het,large_deletion,KO,True,50.0,21.0,-29.0,,,50.0,16.0,22.2
ice,71,L02_KO_SNP_editing,between_ins,two_cut_plus_indel,KO,True,100.0,98.0,-2.0,,,100.0,98.0,25.4
ice,72,L02_KO_SNP_editing,between_del_wt,two_cut_plus_indel,KO,True,70.0,69.0,-1.0,,,70.0,69.0,26.5
ice,73,L02_KO_SNP_editing,pool2,pool,KO,True,90.559,90.0,-0.5589999999999975,,,90.559,89.0,24.7
ice,74,L02_KO_SNP_editing,lod_ins1_f2,low_fraction_indel,KO,True,2.0,0.0,-2.0,,,2.0,0.0,26.2
ice,75,L02_KO_SNP_editing,lod_ins1_f5,low_fraction_indel,KO,True,5.0,2.0,-3.0,,,5.0,2.0,26.2
ice,76,L02_KO_SNP_editing,lod_ins1_f10,low_fraction_indel,KO,True,10.0,8.0,-2.0,,,10.0,8.0,26.0
ice,77,L02_KO_SNP_editing,hard_between25,noisy,KO,True,25.0,21.0,-4.0,,,25.0,21.0,26.9
ice,78,L02_KO_SNP_editing,hard_het_del2,noisy,KO,True,50.0,46.0,-4.0,,,50.0,46.0,26.0
ice,79,L03_KO_SNP_editing,wt_rep1,wt,KO,True,0.0,0.0,0.0,,,0.0,0.0,22.0
ice,80,L03_KO_SNP_editing,wt_rep2,wt,KO,True,0.0,0.0,0.0,,,0.0,0.0,20.2
ice,81,L03_KO_SNP_editing,wt_rep3,wt,KO,True,0.0,0.0,0.0,,,0.0,0.0,22.2
ice,82,L03_KO_SNP_editing,het_del1,hom_or_het_small_indel,KO,True,50.0,48.0,-2.0,,,50.0,48.0,21.2
ice,83,L03_KO_SNP_editing,het_del2,hom_or_het_small_indel,KO,True,50.0,49.0,-1.0,,,50.0,49.0,22.1
ice,84,L03_KO_SNP_editing,het_del4,hom_or_het_small_indel,KO,True,50.0,48.0,-2.0,,,50.0,48.0,21.4
ice,85,L03_KO_SNP_editing,het_del7,hom_or_het_small_indel,KO,True,50.0,49.0,-1.0,,,50.0,49.0,19.9
ice,86,L03_KO_SNP_editing,hom_del1,hom_or_het_small_indel,KO,True,100.0,100.0,0.0,,,100.0,100.0,20.8
ice,87,L03_KO_SNP_editing,hom_del5,hom_or_het_small_indel,KO,True,100.0,100.0,0.0,,,100.0,98.0,20.3
ice,88,L03_KO_SNP_editing,het_ins1,hom_or_het_small_indel,KO,True,50.0,49.0,-1.0,,,50.0,49.0,21.8
ice,89,L03_KO_SNP_editing,hom_ins1,hom_or_het_small_indel,KO,True,100.0,99.0,-1.0,,,100.0,99.0,20.5
ice,90,L03_KO_SNP_editing,het_ins6,hom_or_het_small_indel,KO,True,50.0,48.0,-2.0,,,0.0,0.0,20.2
ice,91,L03_KO_SNP_editing,cmp_del3_ins1,compound_het,KO,True,100.0,97.0,-3.0,,,50.0,49.0,19.8
ice,92,L03_KO_SNP_editing,cmp_del11_del5,compound_het,KO,True,100.0,97.0,-3.0,,,100.0,83.0,21.3
ice,93,L03_KO_SNP_editing,between_f2,two_cut_graded,KO,True,2.0,0.0,-2.0,,,2.0,0.0,22.0
ice,94,L03_KO_SNP_editing,between_f5,two_cut_graded,KO,True,5.0,2.0,-3.0,,,5.0,2.0,20.3
ice,95,L03_KO_SNP_editing,between_f10,two_cut_graded,KO,True,10.0,6.0,-4.0,,,10.0,6.0,21.3
ice,96,L03_KO_SNP_editing,between_f25,two_cut_graded,KO,True,25.0,24.0,-1.0,,,25.0,24.0,21.0
ice,97,L03_KO_SNP_editing,between_f50,two_cut_graded,KO,True,50.0,49.0,-1.0,,,50.0,49.0,18.9
ice,98,L03_KO_SNP_editing,between_f75,two_cut_graded,KO,True,75.0,76.0,1.0,,,75.0,76.0,20.1
ice,99,L03_KO_SNP_editing,between_f100,two_cut_graded,KO,True,100.0,100.0,0.0,,,100.0,100.0,20.0
ice,100,L03_KO_SNP_editing,between_jit_hom,two_cut_junction_shift,KO,True,100.0,100.0,0.0,,,100.0,100.0,19.0
ice,101,L03_KO_SNP_editing,between_jit_het,two_cut_junction_shift,KO,True,50.0,49.0,-1.0,,,50.0,49.0,19.1
ice,102,L03_KO_SNP_editing,large_del40_het,large_deletion,KO,True,50.0,48.0,-2.0,,,50.0,48.0,19.3
ice,103,L03_KO_SNP_editing,large_del80_het,large_deletion,KO,True,50.0,2.0,-48.0,,,50.0,2.0,19.1
ice,104,L03_KO_SNP_editing,large_del150_het,large_deletion,KO,True,50.0,12.0,-38.0,,,50.0,12.0,18.3
ice,105,L03_KO_SNP_editing,large_del80_hom,large_deletion,KO,True,100.0,2.0,-98.0,,,100.0,1.0,20.8
ice,106,L03_KO_SNP_editing,between_ins,two_cut_plus_indel,KO,True,100.0,97.0,-3.0,,,100.0,97.0,20.4
ice,107,L03_KO_SNP_editing,between_del_wt,two_cut_plus_indel,KO,True,70.0,69.0,-1.0,,,70.0,69.0,21.6
ice,108,L03_KO_SNP_editing,pool1,pool,KO,True,76.805,73.0,-3.805000000000007,,,68.913,67.0,20.4
ice,109,L03_KO_SNP_editing,pool2,pool,KO,True,85.495,84.0,-1.4950000000000045,,,35.488,32.0,19.6
ice,110,L03_KO_SNP_editing,lod_ins1_f2,low_fraction_indel,KO,True,2.0,0.0,-2.0,,,2.0,0.0,20.8
ice,111,L03_KO_SNP_editing,lod_ins1_f5,low_fraction_indel,KO,True,5.0,2.0,-3.0,,,5.0,2.0,20.9
ice,112,L03_KO_SNP_editing,lod_ins1_f10,low_fraction_indel,KO,True,10.0,9.0,-1.0,,,10.0,9.0,22.2
ice,113,L03_KO_SNP_editing,hard_between25,noisy,KO,True,25.0,24.0,-1.0,,,25.0,24.0,19.5
ice,114,L03_KO_SNP_editing,hard_het_del2,noisy,KO,True,50.0,45.0,-5.0,,,50.0,45.0,20.8
ice,115,L01_KO_SNP_editing,wt_rep1,wt,KO,True,0.0,0.0,0.0,,,0.0,0.0,25.3
ice,116,L01_KO_SNP_editing,wt_rep2,wt,KO,True,0.0,0.0,0.0,,,0.0,0.0,24.3
ice,117,L01_KO_SNP_editing,wt_rep3,wt,KO,True,0.0,0.0,0.0,,,0.0,0.0,24.0
ice,118,L01_KO_SNP_editing,het_del1,hom_or_het_small_indel,KO,True,50.0,50.0,0.0,,,50.0,50.0,23.6
ice,119,L01_KO_SNP_editing,het_del2,hom_or_het_small_indel,KO,True,50.0,49.0,-1.0,,,50.0,49.0,25.6
ice,120,L01_KO_SNP_editing,het_del4,hom_or_het_small_indel,KO,True,50.0,49.0,-1.0,,,50.0,49.0,23.6
ice,121,L01_KO_SNP_editing,het_del7,hom_or_het_small_indel,KO,True,50.0,49.0,-1.0,,,50.0,49.0,23.7
ice,122,L01_KO_SNP_editing,hom_del1,hom_or_het_small_indel,KO,True,100.0,100.0,0.0,,,100.0,100.0,24.8
ice,123,L01_KO_SNP_editing,hom_del5,hom_or_het_small_indel,KO,True,100.0,99.0,-1.0,,,100.0,99.0,23.2
ice,124,L01_KO_SNP_editing,het_ins1,hom_or_het_small_indel,KO,True,50.0,48.0,-2.0,,,50.0,48.0,25.6
ice,125,L01_KO_SNP_editing,hom_ins1,hom_or_het_small_indel,KO,True,100.0,99.0,-1.0,,,100.0,99.0,24.8
ice,126,L01_KO_SNP_editing,het_ins6,hom_or_het_small_indel,KO,True,50.0,49.0,-1.0,,,0.0,0.0,24.2
ice,127,L01_KO_SNP_editing,cmp_del3_ins1,compound_het,KO,True,100.0,98.0,-2.0,,,50.0,49.0,24.6
ice,128,L01_KO_SNP_editing,cmp_del11_del5,compound_het,KO,True,100.0,98.0,-2.0,,,100.0,98.0,25.9
ice,129,L01_KO_SNP_editing,between_f2,two_cut_graded,KO,True,2.0,0.0,-2.0,,,2.0,0.0,24.8
ice,130,L01_KO_SNP_editing,between_f5,two_cut_graded,KO,True,5.0,1.0,-4.0,,,5.0,1.0,24.2
ice,131,L01_KO_SNP_editing,between_f10,two_cut_graded,KO,True,10.0,7.0,-3.0,,,10.0,7.000000000000001,24.6
ice,132,L01_KO_SNP_editing,between_f25,two_cut_graded,KO,True,25.0,22.0,-3.0,,,25.0,22.0,24.3
ice,133,L01_KO_SNP_editing,between_f50,two_cut_graded,KO,True,50.0,49.0,-1.0,,,50.0,49.0,24.1
ice,134,L01_KO_SNP_editing,between_f75,two_cut_graded,KO,True,75.0,76.0,1.0,,,75.0,76.0,23.9
ice,135,L01_KO_SNP_editing,between_f100,two_cut_graded,KO,True,100.0,100.0,0.0,,,100.0,100.0,25.1
ice,136,L01_KO_SNP_editing,between_jit_hom,two_cut_junction_shift,KO,True,100.0,23.0,-77.0,,,100.0,17.0,24.5
ice,137,L01_KO_SNP_editing,between_jit_het,two_cut_junction_shift,KO,True,50.0,28.0,-22.0,,,50.0,21.0,24.5
ice,138,L01_KO_SNP_editing,large_del40_het,large_deletion,KO,True,50.0,49.0,-1.0,,,50.0,49.0,25.7
ice,139,L01_KO_SNP_editing,large_del80_het,large_deletion,KO,True,50.0,5.0,-45.0,,,50.0,4.0,25.1
ice,140,L01_KO_SNP_editing,large_del150_het,large_deletion,KO,True,50.0,6.0,-44.0,,,50.0,4.0,24.9
ice,141,L01_KO_SNP_editing,large_del80_hom,large_deletion,KO,True,100.0,25.0,-75.0,,,100.0,21.0,24.3
ice,142,L01_KO_SNP_editing,between_ins,two_cut_plus_indel,KO,True,100.0,98.0,-2.0,,,100.0,98.0,24.1
ice,143,L01_KO_SNP_editing,between_del_wt,two_cut_plus_indel,KO,True,70.0,69.0,-1.0,,,70.0,69.0,24.9
ice,144,L01_KO_SNP_editing,pool1,pool,KO,True,91.43,91.0,-0.4300000000000068,,,80.523,83.0,30.0
ice,145,L01_KO_SNP_editing,pool2,pool,KO,True,69.438,66.0,-3.4380000000000024,,,57.132,55.0,23.7
ice,146,L01_KO_SNP_editing,lod_ins1_f2,low_fraction_indel,KO,True,2.0,0.0,-2.0,,,2.0,0.0,23.4
ice,147,L01_KO_SNP_editing,lod_ins1_f5,low_fraction_indel,KO,True,5.0,1.0,-4.0,,,5.0,1.0,23.7
ice,148,L01_KO_SNP_editing,lod_ins1_f10,low_fraction_indel,KO,True,10.0,7.0,-3.0,,,10.0,7.000000000000001,24.0
ice,149,L01_KO_SNP_editing,hard_between25,noisy,KO,True,25.0,23.0,-2.0,,,25.0,23.0,24.8
ice,150,L01_KO_SNP_editing,hard_het_del2,noisy,KO,True,50.0,44.0,-6.0,,,50.0,44.0,27.6
ice,151,L04_KO_SNP_editing,wt_rep1,wt,KO,True,0.0,0.0,0.0,,,0.0,0.0,10.0
ice,152,L04_KO_SNP_editing,wt_rep2,wt,KO,True,0.0,0.0,0.0,,,0.0,0.0,10.5
ice,153,L04_KO_SNP_editing,wt_rep3,wt,KO,True,0.0,0.0,0.0,,,0.0,0.0,10.9
ice,154,L04_KO_SNP_editing,het_del1,hom_or_het_small_indel,KO,True,50.0,49.0,-1.0,,,50.0,49.0,11.6
ice,155,L04_KO_SNP_editing,het_del2,hom_or_het_small_indel,KO,True,50.0,49.0,-1.0,,,50.0,49.0,12.0
ice,156,L04_KO_SNP_editing,het_del4,hom_or_het_small_indel,KO,True,50.0,50.0,0.0,,,50.0,50.0,11.7
ice,157,L04_KO_SNP_editing,het_del7,hom_or_het_small_indel,KO,True,50.0,50.0,0.0,,,50.0,50.0,11.3
ice,158,L04_KO_SNP_editing,hom_del1,hom_or_het_small_indel,KO,True,100.0,100.0,0.0,,,100.0,100.0,11.1
ice,159,L04_KO_SNP_editing,hom_del5,hom_or_het_small_indel,KO,True,100.0,100.0,0.0,,,100.0,100.0,11.3
ice,160,L04_KO_SNP_editing,het_ins1,hom_or_het_small_indel,KO,True,50.0,49.0,-1.0,,,50.0,49.0,11.1
ice,161,L04_KO_SNP_editing,hom_ins1,hom_or_het_small_indel,KO,True,100.0,99.0,-1.0,,,100.0,99.0,10.9
ice,162,L04_KO_SNP_editing,het_ins6,hom_or_het_small_indel,KO,True,50.0,48.0,-2.0,,,0.0,0.0,11.0
ice,163,L04_KO_SNP_editing,cmp_del3_ins1,compound_het,KO,True,100.0,98.0,-2.0,,,50.0,48.0,11.0
ice,164,L04_KO_SNP_editing,cmp_del11_del5,compound_het,KO,True,100.0,97.0,-3.0,,,100.0,97.0,10.6
ice,165,L04_KO_SNP_editing,between_f2,two_cut_graded,KO,True,2.0,0.0,-2.0,,,2.0,0.0,11.0
ice,166,L04_KO_SNP_editing,between_f5,two_cut_graded,KO,True,5.0,1.0,-4.0,,,5.0,1.0,10.5
ice,167,L04_KO_SNP_editing,between_f10,two_cut_graded,KO,True,10.0,7.0,-3.0,,,10.0,7.0,10.9
ice,168,L04_KO_SNP_editing,between_f25,two_cut_graded,KO,True,25.0,23.0,-2.0,,,25.0,23.0,10.9
ice,169,L04_KO_SNP_editing,between_f50,two_cut_graded,KO,True,50.0,49.0,-1.0,,,50.0,49.0,10.9
ice,170,L04_KO_SNP_editing,between_f75,two_cut_graded,KO,True,75.0,76.0,1.0,,,75.0,76.0,11.2
ice,171,L04_KO_SNP_editing,between_f100,two_cut_graded,KO,True,100.0,100.0,0.0,,,100.0,100.0,11.0
ice,172,L04_KO_SNP_editing,between_jit_hom,two_cut_junction_shift,KO,True,100.0,95.0,-5.0,,,100.0,95.0,11.4
ice,173,L04_KO_SNP_editing,between_jit_het,two_cut_junction_shift,KO,True,50.0,48.0,-2.0,,,50.0,48.0,11.2
ice,174,L04_KO_SNP_editing,large_del40_het,large_deletion,KO,True,50.0,48.0,-2.0,,,50.0,48.0,10.9
ice,175,L04_KO_SNP_editing,large_del80_het,large_deletion,KO,True,50.0,35.0,-15.0,,,50.0,35.0,10.8
ice,176,L04_KO_SNP_editing,large_del150_het,large_deletion,KO,False,50.0,,,,,50.0,,0.0
ice,177,L04_KO_SNP_editing,large_del80_hom,large_deletion,KO,True,100.0,17.0,-83.0,,,100.0,14.0,11.3
ice,178,L04_KO_SNP_editing,between_ins,two_cut_plus_indel,KO,True,100.0,98.0,-2.0,,,100.0,98.0,11.2
ice,179,L04_KO_SNP_editing,between_del_wt,two_cut_plus_indel,KO,True,70.0,68.0,-2.0,,,70.0,68.0,11.1
ice,180,L04_KO_SNP_editing,pool1,pool,KO,True,90.454,90.0,-0.4539999999999935,,,31.895,33.0,11.3
ice,181,L04_KO_SNP_editing,pool2,pool,KO,True,88.848,87.0,-1.847999999999999,,,81.018,80.0,10.8
ice,182,L04_KO_SNP_editing,lod_ins1_f2,low_fraction_indel,KO,True,2.0,0.0,-2.0,,,2.0,0.0,11.0
ice,183,L04_KO_SNP_editing,lod_ins1_f5,low_fraction_indel,KO,True,5.0,2.0,-3.0,,,5.0,2.0,10.7
ice,184,L04_KO_SNP_editing,lod_ins1_f10,low_fraction_indel,KO,True,10.0,7.0,-3.0,,,10.0,7.000000000000001,10.9
ice,185,L04_KO_SNP_editing,hard_between25,noisy,KO,True,25.0,23.0,-2.0,,,25.0,23.0,11.6
ice,186,L04_KO_SNP_editing,hard_het_del2,noisy,KO,True,50.0,46.0,-4.0,,,50.0,46.0,10.8
ice,187,L06_KO_SNP_editing,wt_rep1,wt,KO,True,0.0,0.0,0.0,,,0.0,0.0,19.9
ice,188,L06_KO_SNP_editing,wt_rep2,wt,KO,True,0.0,0.0,0.0,,,0.0,0.0,20.1
ice,189,L06_KO_SNP_editing,wt_rep3,wt,KO,True,0.0,0.0,0.0,,,0.0,0.0,19.4
ice,190,L06_KO_SNP_editing,het_del1,hom_or_het_small_indel,KO,True,50.0,47.0,-3.0,,,50.0,47.0,20.1
ice,191,L06_KO_SNP_editing,het_del2,hom_or_het_small_indel,KO,True,50.0,49.0,-1.0,,,50.0,49.0,20.7
ice,192,L06_KO_SNP_editing,het_del4,hom_or_het_small_indel,KO,True,50.0,48.0,-2.0,,,50.0,48.0,19.7
ice,193,L06_KO_SNP_editing,het_del7,hom_or_het_small_indel,KO,True,50.0,49.0,-1.0,,,50.0,49.0,20.1
ice,194,L06_KO_SNP_editing,hom_del1,hom_or_het_small_indel,KO,True,100.0,100.0,0.0,,,100.0,100.0,19.4
ice,195,L06_KO_SNP_editing,hom_del5,hom_or_het_small_indel,KO,True,100.0,100.0,0.0,,,100.0,100.0,19.6
ice,196,L06_KO_SNP_editing,het_ins1,hom_or_het_small_indel,KO,True,50.0,50.0,0.0,,,50.0,50.0,18.2
ice,197,L06_KO_SNP_editing,hom_ins1,hom_or_het_small_indel,KO,True,100.0,99.0,-1.0,,,100.0,99.0,18.5
ice,198,L06_KO_SNP_editing,het_ins6,hom_or_het_small_indel,KO,True,50.0,49.0,-1.0,,,0.0,0.0,18.5
ice,199,L06_KO_SNP_editing,cmp_del3_ins1,compound_het,KO,True,100.0,97.0,-3.0,,,50.0,49.0,19.3
ice,200,L06_KO_SNP_editing,cmp_del11_del5,compound_het,KO,True,100.0,98.0,-2.0,,,100.0,98.0,19.5
ice,201,L06_KO_SNP_editing,between_f2,two_cut_graded,KO,True,2.0,0.0,-2.0,,,2.0,0.0,19.6
ice,202,L06_KO_SNP_editing,between_f5,two_cut_graded,KO,True,5.0,2.0,-3.0,,,5.0,2.0,20.2
ice,203,L06_KO_SNP_editing,between_f10,two_cut_graded,KO,True,10.0,8.0,-2.0,,,10.0,8.0,19.9
ice,204,L06_KO_SNP_editing,between_f25,two_cut_graded,KO,True,25.0,24.0,-1.0,,,25.0,24.0,20.0
ice,205,L06_KO_SNP_editing,between_f50,two_cut_graded,KO,True,50.0,50.0,0.0,,,50.0,50.0,20.4
ice,206,L06_KO_SNP_editing,between_f75,two_cut_graded,KO,True,75.0,76.0,1.0,,,75.0,76.0,19.4
ice,207,L06_KO_SNP_editing,between_f100,two_cut_graded,KO,True,100.0,100.0,0.0,,,100.0,100.0,19.2
ice,208,L06_KO_SNP_editing,between_jit_hom,two_cut_junction_shift,KO,True,100.0,99.0,-1.0,,,0.0,0.0,19.1
ice,209,L06_KO_SNP_editing,between_jit_het,two_cut_junction_shift,KO,True,50.0,49.0,-1.0,,,0.0,0.0,20.8
ice,210,L06_KO_SNP_editing,large_del40_het,large_deletion,KO,True,50.0,48.0,-2.0,,,50.0,48.0,19.2
ice,211,L06_KO_SNP_editing,large_del80_het,large_deletion,KO,True,50.0,0.0,-50.0,,,50.0,0.0,18.8
ice,212,L06_KO_SNP_editing,large_del150_het,large_deletion,KO,True,50.0,46.0,-4.0,,,50.0,18.0,16.4
ice,213,L06_KO_SNP_editing,large_del80_hom,large_deletion,KO,True,100.0,10.0,-90.0,,,100.0,9.0,20.3
ice,214,L06_KO_SNP_editing,between_ins,two_cut_plus_indel,KO,True,100.0,97.0,-3.0,,,100.0,97.0,20.7
ice,215,L06_KO_SNP_editing,between_del_wt,two_cut_plus_indel,KO,True,70.0,68.0,-2.0,,,70.0,68.0,21.3
ice,216,L06_KO_SNP_editing,pool1,pool,KO,True,81.327,79.0,-2.326999999999998,,,62.174,61.0,21.2
ice,217,L06_KO_SNP_editing,pool2,pool,KO,True,98.921,97.0,-1.9210000000000065,,,98.921,97.0,21.6
ice,218,L06_KO_SNP_editing,lod_ins1_f2,low_fraction_indel,KO,True,2.0,0.0,-2.0,,,2.0,0.0,20.2
ice,219,L06_KO_SNP_editing,lod_ins1_f5,low_fraction_indel,KO,True,5.0,2.0,-3.0,,,5.0,2.0,20.1
ice,220,L06_KO_SNP_editing,lod_ins1_f10,low_fraction_indel,KO,True,10.0,9.0,-1.0,,,10.0,9.0,21.1
ice,221,L06_KO_SNP_editing,hard_between25,noisy,KO,True,25.0,23.0,-2.0,,,25.0,22.0,19.8
ice,222,L06_KO_SNP_editing,hard_het_del2,noisy,KO,True,50.0,47.0,-3.0,,,50.0,46.0,21.1
ice,223,L07_SNP_editing,wt_rep1,wt,SNP,True,0.0,0.0,0.0,0.0,0.0,0.0,0.0,9.1
ice,224,L07_SNP_editing,wt_rep2,wt,SNP,True,0.0,0.0,0.0,0.0,0.0,0.0,0.0,7.9
ice,225,L07_SNP_editing,wt_rep3,wt,SNP,True,0.0,1.0,1.0,0.0,1.0,0.0,0.0,8.2
ice,226,L07_SNP_editing,hdr_f2,hdr_graded,SNP,True,2.0,5.0,3.0,2.0,5.0,0.0,0.0,7.5
ice,227,L07_SNP_editing,hdr_f5,hdr_graded,SNP,True,5.0,3.0,-2.0,5.0,3.0,0.0,0.0,7.5
ice,228,L07_SNP_editing,hdr_f10,hdr_graded,SNP,True,10.0,17.0,7.0,10.0,17.0,0.0,0.0,8.2
ice,229,L07_SNP_editing,hdr_f25,hdr_graded,SNP,True,25.0,27.0,2.0,25.0,27.0,0.0,0.0,8.1
ice,230,L07_SNP_editing,hdr_f50,hdr_graded,SNP,True,50.0,50.0,0.0,50.0,50.0,0.0,0.0,7.6
ice,231,L07_SNP_editing,hdr_f75,hdr_graded,SNP,True,75.0,79.0,4.0,75.0,79.0,0.0,0.0,8.4
ice,232,L07_SNP_editing,hdr_f100,hdr_graded,SNP,True,100.0,100.0,0.0,100.0,100.0,0.0,0.0,8.7
ice,233,L07_SNP_editing,hdr_het_ins,hdr_with_indel,SNP,True,100.0,97.0,-3.0,50.0,48.0,50.0,49.0,8.4
ice,234,L07_SNP_editing,hdr_het_del,hdr_with_indel,SNP,True,100.0,98.0,-2.0,50.0,48.0,0.0,0.0,8.7
ice,235,L07_SNP_editing,hdrindel_wt,hdr_with_indel,SNP,True,50.0,97.0,47.0,0.0,48.0,50.0,49.0,9.1
ice,236,L07_SNP_editing,het_del2,hom_or_het_small_indel,SNP,True,50.0,49.0,-1.0,0.0,0.0,50.0,49.0,8.1
ice,237,L07_SNP_editing,hom_ins1,hom_or_het_small_indel,SNP,True,100.0,99.0,-1.0,0.0,0.0,100.0,99.0,8.2
ice,238,L07_SNP_editing,het_del8,hom_or_het_small_indel,SNP,True,50.0,49.0,-1.0,0.0,0.0,50.0,49.0,8.0
ice,239,L07_SNP_editing,mix1,mixed_alleles,SNP,True,70.0,72.0,2.0,40.0,43.0,30.0,28.999999999999996,8.5
ice,240,L07_SNP_editing,mix2,mixed_alleles,SNP,True,80.0,76.0,-4.0,30.0,27.0,50.0,49.0,8.7
ice,241,L07_SNP_editing,stress_hdr10,noisy,SNP,True,10.0,1.0,-9.0,10.0,1.0,0.0,0.0,7.7
ice,242,L07_SNP_editing,stress_hdr50,noisy,SNP,True,50.0,53.0,3.0,50.0,53.0,0.0,0.0,8.4
ice,243,L07_SNP_editing,hard_hdr25,noisy,SNP,True,25.0,16.0,-9.0,25.0,16.0,0.0,0.0,7.7
ice,244,L07_SNP_editing,hard_het_del2,noisy,SNP,True,50.0,48.0,-2.0,0.0,0.0,50.0,48.0,8.1
ice,245,L05_KO_SNP_editing,wt_rep1,wt,KO,True,0.0,0.0,0.0,,,0.0,0.0,9.0
ice,246,L05_KO_SNP_editing,wt_rep2,wt,KO,True,0.0,0.0,0.0,,,0.0,0.0,8.9
ice,247,L05_KO_SNP_editing,wt_rep3,wt,KO,True,0.0,0.0,0.0,,,0.0,0.0,8.7
ice,248,L05_KO_SNP_editing,het_del1,hom_or_het_small_indel,KO,True,50.0,49.0,-1.0,,,50.0,49.0,9.6
ice,249,L05_KO_SNP_editing,het_del2,hom_or_het_small_indel,KO,True,50.0,49.0,-1.0,,,50.0,49.0,11.3
ice,250,L05_KO_SNP_editing,het_del4,hom_or_het_small_indel,KO,True,50.0,49.0,-1.0,,,50.0,49.0,8.7
ice,251,L05_KO_SNP_editing,het_del7,hom_or_het_small_indel,KO,True,50.0,49.0,-1.0,,,50.0,49.0,9.7
ice,252,L05_KO_SNP_editing,hom_del1,hom_or_het_small_indel,KO,True,100.0,100.0,0.0,,,100.0,100.0,9.6
ice,253,L05_KO_SNP_editing,hom_del5,hom_or_het_small_indel,KO,True,100.0,100.0,0.0,,,100.0,100.0,9.4
ice,254,L05_KO_SNP_editing,het_ins1,hom_or_het_small_indel,KO,True,50.0,49.0,-1.0,,,50.0,49.0,10.0
ice,255,L05_KO_SNP_editing,hom_ins1,hom_or_het_small_indel,KO,True,100.0,99.0,-1.0,,,100.0,99.0,8.7
ice,256,L05_KO_SNP_editing,het_ins6,hom_or_het_small_indel,KO,True,50.0,50.0,0.0,,,0.0,0.0,9.1
ice,257,L05_KO_SNP_editing,cmp_del3_ins1,compound_het,KO,True,100.0,97.0,-3.0,,,50.0,49.0,9.2
ice,258,L05_KO_SNP_editing,cmp_del11_del5,compound_het,KO,True,100.0,99.0,-1.0,,,100.0,99.0,10.4
ice,259,L05_KO_SNP_editing,between_f2,two_cut_graded,KO,True,2.0,0.0,-2.0,,,2.0,0.0,8.4
ice,260,L05_KO_SNP_editing,between_f5,two_cut_graded,KO,True,5.0,2.0,-3.0,,,5.0,2.0,9.3
ice,261,L05_KO_SNP_editing,between_f10,two_cut_graded,KO,True,10.0,8.0,-2.0,,,10.0,8.0,9.3
ice,262,L05_KO_SNP_editing,between_f25,two_cut_graded,KO,True,25.0,23.0,-2.0,,,25.0,23.0,8.9
ice,263,L05_KO_SNP_editing,between_f50,two_cut_graded,KO,True,50.0,49.0,-1.0,,,50.0,49.0,8.9
ice,264,L05_KO_SNP_editing,between_f75,two_cut_graded,KO,True,75.0,75.0,0.0,,,75.0,75.0,9.8
ice,265,L05_KO_SNP_editing,between_f100,two_cut_graded,KO,True,100.0,100.0,0.0,,,100.0,100.0,9.0
ice,266,L05_KO_SNP_editing,between_jit_hom,two_cut_junction_shift,KO,True,100.0,100.0,0.0,,,100.0,100.0,9.1
ice,267,L05_KO_SNP_editing,between_jit_het,two_cut_junction_shift,KO,True,50.0,49.0,-1.0,,,50.0,49.0,9.0
ice,268,L05_KO_SNP_editing,large_del40_het,large_deletion,KO,True,50.0,49.0,-1.0,,,50.0,49.0,9.2
ice,269,L05_KO_SNP_editing,large_del80_het,large_deletion,KO,True,50.0,5.0,-45.0,,,50.0,4.0,8.3
ice,270,L05_KO_SNP_editing,large_del150_het,large_deletion,KO,True,50.0,7.0,-43.0,,,50.0,6.0,6.2
ice,271,L05_KO_SNP_editing,large_del80_hom,large_deletion,KO,True,100.0,3.0,-97.0,,,100.0,2.0,8.7
ice,272,L05_KO_SNP_editing,between_ins,two_cut_plus_indel,KO,True,100.0,99.0,-1.0,,,100.0,99.0,9.1
ice,273,L05_KO_SNP_editing,between_del_wt,two_cut_plus_indel,KO,True,70.0,69.0,-1.0,,,70.0,69.0,8.7
ice,274,L05_KO_SNP_editing,pool1,pool,KO,True,69.403,67.0,-2.403000000000006,,,69.284,67.0,9.3
ice,275,L05_KO_SNP_editing,pool2,pool,KO,True,97.008,96.0,-1.0079999999999956,,,75.71,75.0,9.5
ice,276,L05_KO_SNP_editing,lod_ins1_f2,low_fraction_indel,KO,True,2.0,0.0,-2.0,,,2.0,0.0,8.7
ice,277,L05_KO_SNP_editing,lod_ins1_f5,low_fraction_indel,KO,True,5.0,2.0,-3.0,,,5.0,2.0,8.7
ice,278,L05_KO_SNP_editing,lod_ins1_f10,low_fraction_indel,KO,True,10.0,8.0,-2.0,,,10.0,8.0,9.1
ice,279,L05_KO_SNP_editing,hard_between25,noisy,KO,True,25.0,23.0,-2.0,,,25.0,23.0,9.8
ice,280,L05_KO_SNP_editing,hard_het_del2,noisy,KO,True,50.0,45.0,-5.0,,,50.0,45.0,11.4
ice,281,L11_SNP_editing,wt_rep1,wt,SNP,True,0.0,0.0,0.0,0.0,0.0,0.0,0.0,8.2
ice,282,L11_SNP_editing,wt_rep2,wt,SNP,True,0.0,0.0,0.0,0.0,0.0,0.0,0.0,8.4
ice,283,L11_SNP_editing,wt_rep3,wt,SNP,True,0.0,0.0,0.0,0.0,0.0,0.0,0.0,7.7
ice,284,L11_SNP_editing,hdr_f2,hdr_graded,SNP,True,2.0,0.0,-2.0,2.0,0.0,0.0,0.0,8.2
ice,285,L11_SNP_editing,hdr_f5,hdr_graded,SNP,True,5.0,1.0,-4.0,5.0,1.0,0.0,0.0,8.5
ice,286,L11_SNP_editing,hdr_f10,hdr_graded,SNP,True,10.0,4.0,-6.0,10.0,4.0,0.0,0.0,8.2
ice,287,L11_SNP_editing,hdr_f25,hdr_graded,SNP,True,25.0,17.0,-8.0,25.0,17.0,0.0,0.0,7.7
ice,288,L11_SNP_editing,hdr_f50,hdr_graded,SNP,True,50.0,40.0,-10.0,50.0,40.0,0.0,0.0,7.8
ice,289,L11_SNP_editing,hdr_f75,hdr_graded,SNP,True,75.0,61.0,-14.0,75.0,61.0,0.0,0.0,7.9
ice,290,L11_SNP_editing,hdr_f100,hdr_graded,SNP,True,100.0,99.0,-1.0,100.0,99.0,0.0,0.0,7.8
ice,291,L11_SNP_editing,hdr_het_ins,hdr_with_indel,SNP,True,100.0,99.0,-1.0,50.0,50.0,50.0,49.0,8.5
ice,292,L11_SNP_editing,hdr_het_del,hdr_with_indel,SNP,True,100.0,97.0,-3.0,50.0,46.0,0.0,0.0,10.2
ice,293,L11_SNP_editing,het_del2,hom_or_het_small_indel,SNP,True,50.0,49.0,-1.0,0.0,0.0,50.0,49.0,14.1
ice,294,L11_SNP_editing,hom_ins1,hom_or_het_small_indel,SNP,True,100.0,99.0,-1.0,0.0,0.0,100.0,99.0,8.0
ice,295,L11_SNP_editing,het_del8,hom_or_het_small_indel,SNP,True,50.0,49.0,-1.0,0.0,0.0,50.0,49.0,10.0
ice,296,L11_SNP_editing,mix1,mixed_alleles,SNP,True,70.0,56.0,-14.0,40.0,28.000000000000004,30.0,28.000000000000004,8.2
ice,297,L11_SNP_editing,mix2,mixed_alleles,SNP,True,80.0,67.0,-13.0,30.0,19.0,50.0,48.0,7.9
ice,298,L11_SNP_editing,stress_hdr10,noisy,SNP,True,10.0,8.0,-2.0,10.0,8.0,0.0,0.0,8.1
ice,299,L11_SNP_editing,stress_hdr50,noisy,SNP,True,50.0,33.0,-17.0,50.0,33.0,0.0,0.0,7.8
ice,300,L11_SNP_editing,hard_hdr25,noisy,SNP,True,25.0,21.0,-4.0,25.0,21.0,0.0,0.0,8.0
ice,301,L11_SNP_editing,hard_het_del2,noisy,SNP,True,50.0,46.0,-4.0,0.0,0.0,50.0,45.0,14.3
ice,302,L08_SNP_editing,wt_rep1,wt,SNP,True,0.0,0.0,0.0,0.0,0.0,0.0,0.0,9.0
ice,303,L08_SNP_editing,wt_rep2,wt,SNP,True,0.0,1.0,1.0,0.0,1.0,0.0,0.0,9.4
ice,304,L08_SNP_editing,wt_rep3,wt,SNP,True,0.0,0.0,0.0,0.0,0.0,0.0,0.0,9.0
ice,305,L08_SNP_editing,hdr_f2,hdr_graded,SNP,True,2.0,0.0,-2.0,2.0,0.0,0.0,0.0,8.9
ice,306,L08_SNP_editing,hdr_f5,hdr_graded,SNP,True,5.0,4.0,-1.0,5.0,4.0,0.0,0.0,8.1
ice,307,L08_SNP_editing,hdr_f10,hdr_graded,SNP,True,10.0,8.0,-2.0,10.0,8.0,0.0,0.0,8.7
ice,308,L08_SNP_editing,hdr_f25,hdr_graded,SNP,True,25.0,25.0,0.0,25.0,25.0,0.0,0.0,8.9
ice,309,L08_SNP_editing,hdr_f50,hdr_graded,SNP,True,50.0,51.0,1.0,50.0,51.0,0.0,0.0,9.7
ice,310,L08_SNP_editing,hdr_f75,hdr_graded,SNP,True,75.0,82.0,7.0,75.0,82.0,0.0,0.0,8.8
ice,311,L08_SNP_editing,hdr_f100,hdr_graded,SNP,True,100.0,99.0,-1.0,100.0,99.0,0.0,0.0,9.0
ice,312,L08_SNP_editing,hdr_het_ins,hdr_with_indel,SNP,True,100.0,97.0,-3.0,50.0,48.0,50.0,49.0,8.9
ice,313,L08_SNP_editing,hdr_het_del,hdr_with_indel,SNP,True,100.0,99.0,-1.0,50.0,49.0,0.0,0.0,8.5
ice,314,L08_SNP_editing,hdrindel_wt,hdr_with_indel,SNP,True,50.0,79.0,29.0,0.0,30.0,50.0,49.0,9.1
ice,315,L08_SNP_editing,partial_near_hom,partial_conversion,SNP,True,100.0,74.0,-26.0,0.0,74.0,0.0,0.0,8.8
ice,316,L08_SNP_editing,partial_far_het,partial_conversion,SNP,True,50.0,21.0,-29.0,0.0,21.0,0.0,0.0,9.1
ice,317,L08_SNP_editing,partial_mix,partial_conversion,SNP,True,80.0,65.0,-15.0,20.0,65.0,0.0,0.0,7.9
ice,318,L08_SNP_editing,het_del2,hom_or_het_small_indel,SNP,True,50.0,50.0,0.0,0.0,0.0,50.0,50.0,8.2
ice,319,L08_SNP_editing,hom_ins1,hom_or_het_small_indel,SNP,True,100.0,99.0,-1.0,0.0,0.0,100.0,99.0,8.7
ice,320,L08_SNP_editing,het_del8,hom_or_het_small_indel,SNP,True,50.0,52.0,2.0,0.0,2.0,50.0,50.0,9.2
ice,321,L08_SNP_editing,mix1,mixed_alleles,SNP,True,70.0,66.0,-4.0,40.0,38.0,30.0,28.000000000000004,8.7
ice,322,L08_SNP_editing,mix2,mixed_alleles,SNP,True,80.0,76.0,-4.0,30.0,28.000000000000004,50.0,48.0,8.9
ice,323,L08_SNP_editing,stress_hdr10,noisy,SNP,True,10.0,5.0,-5.0,10.0,5.0,0.0,0.0,8.4
ice,324,L08_SNP_editing,stress_hdr50,noisy,SNP,True,50.0,50.0,0.0,50.0,50.0,0.0,0.0,8.1
ice,325,L08_SNP_editing,hard_hdr25,noisy,SNP,True,25.0,21.0,-4.0,25.0,21.0,0.0,0.0,8.6
ice,326,L08_SNP_editing,hard_het_del2,noisy,SNP,True,50.0,47.0,-3.0,0.0,0.0,50.0,47.0,8.8
ice,327,L09_Exn20_SNP_editing,wt_rep1,wt,SNP,True,0.0,0.0,0.0,0.0,0.0,0.0,0.0,3.7
ice,328,L09_Exn20_SNP_editing,wt_rep2,wt,SNP,True,0.0,0.0,0.0,0.0,0.0,0.0,0.0,3.6
ice,329,L09_Exn20_SNP_editing,wt_rep3,wt,SNP,True,0.0,0.0,0.0,0.0,0.0,0.0,0.0,3.8
ice,330,L09_Exn20_SNP_editing,hdr_f2,hdr_graded,SNP,True,2.0,1.0,-1.0,2.0,1.0,0.0,0.0,3.4
ice,331,L09_Exn20_SNP_editing,hdr_f5,hdr_graded,SNP,True,5.0,4.0,-1.0,5.0,4.0,0.0,0.0,4.0
ice,332,L09_Exn20_SNP_editing,hdr_f10,hdr_graded,SNP,True,10.0,12.0,2.0,10.0,12.0,0.0,0.0,3.8
ice,333,L09_Exn20_SNP_editing,hdr_f25,hdr_graded,SNP,True,25.0,29.0,4.0,25.0,28.999999999999996,0.0,0.0,3.5
ice,334,L09_Exn20_SNP_editing,hdr_f50,hdr_graded,SNP,True,50.0,60.0,10.0,50.0,60.0,0.0,0.0,3.5
ice,335,L09_Exn20_SNP_editing,hdr_f75,hdr_graded,SNP,True,75.0,82.0,7.0,75.0,82.0,0.0,0.0,4.0
ice,336,L09_Exn20_SNP_editing,hdr_f100,hdr_graded,SNP,True,100.0,100.0,0.0,100.0,100.0,0.0,0.0,4.0
ice,337,L09_Exn20_SNP_editing,hdr_het_ins,hdr_with_indel,SNP,True,100.0,99.0,-1.0,50.0,50.0,50.0,49.0,3.6
ice,338,L09_Exn20_SNP_editing,hdr_het_del,hdr_with_indel,SNP,True,100.0,100.0,0.0,50.0,50.0,0.0,0.0,3.6
ice,339,L09_Exn20_SNP_editing,partial_near_hom,partial_conversion,SNP,True,100.0,33.0,-67.0,0.0,33.0,0.0,0.0,4.6
ice,340,L09_Exn20_SNP_editing,partial_far_het,partial_conversion,SNP,True,50.0,40.0,-10.0,0.0,40.0,0.0,0.0,4.0
ice,341,L09_Exn20_SNP_editing,partial_mix,partial_conversion,SNP,True,80.0,44.0,-36.0,20.0,44.0,0.0,0.0,3.8
ice,342,L09_Exn20_SNP_editing,het_del2,hom_or_het_small_indel,SNP,True,50.0,54.0,4.0,0.0,4.0,50.0,50.0,5.4
ice,343,L09_Exn20_SNP_editing,hom_ins1,hom_or_het_small_indel,SNP,True,100.0,99.0,-1.0,0.0,0.0,100.0,99.0,3.8
ice,344,L09_Exn20_SNP_editing,het_del8,hom_or_het_small_indel,SNP,True,50.0,52.0,2.0,0.0,2.0,50.0,50.0,3.9
ice,345,L09_Exn20_SNP_editing,mix1,mixed_alleles,SNP,True,70.0,75.0,5.0,40.0,46.0,30.0,28.999999999999996,3.8
ice,346,L09_Exn20_SNP_editing,mix2,mixed_alleles,SNP,True,80.0,85.0,5.0,30.0,37.0,50.0,48.0,3.6
ice,347,L09_Exn20_SNP_editing,stress_hdr10,noisy,SNP,True,10.0,10.0,0.0,10.0,10.0,0.0,0.0,3.7
ice,348,L09_Exn20_SNP_editing,stress_hdr50,noisy,SNP,True,50.0,64.0,14.0,50.0,64.0,0.0,0.0,3.7
ice,349,L09_Exn20_SNP_editing,hard_hdr25,noisy,SNP,True,25.0,24.0,-1.0,25.0,24.0,0.0,0.0,4.2
ice,350,L09_Exn20_SNP_editing,hard_het_del2,noisy,SNP,True,50.0,50.0,0.0,0.0,5.0,50.0,45.0,6.1
ice,351,L07_SNP_editing,wt_rep1,wt,SNP,True,0.0,1.0,1.0,0.0,1.0,0.0,0.0,9.3
ice,352,L07_SNP_editing,wt_rep2,wt,SNP,True,0.0,0.0,0.0,0.0,0.0,0.0,0.0,8.4
ice,353,L07_SNP_editing,wt_rep3,wt,SNP,True,0.0,0.0,0.0,0.0,0.0,0.0,0.0,9.3
ice,354,L07_SNP_editing,hdr_f2,hdr_graded,SNP,True,2.0,0.0,-2.0,2.0,0.0,0.0,0.0,8.7
ice,355,L07_SNP_editing,hdr_f5,hdr_graded,SNP,True,5.0,0.0,-5.0,5.0,0.0,0.0,0.0,9.7
ice,356,L07_SNP_editing,hdr_f10,hdr_graded,SNP,True,10.0,8.0,-2.0,10.0,8.0,0.0,0.0,9.9
ice,357,L07_SNP_editing,hdr_f25,hdr_graded,SNP,True,25.0,21.0,-4.0,25.0,21.0,0.0,0.0,9.5
ice,358,L07_SNP_editing,hdr_f50,hdr_graded,SNP,True,50.0,43.0,-7.0,50.0,43.0,0.0,0.0,8.3
ice,359,L07_SNP_editing,hdr_f75,hdr_graded,SNP,True,75.0,72.0,-3.0,75.0,72.0,0.0,0.0,8.3
ice,360,L07_SNP_editing,hdr_f100,hdr_graded,SNP,True,100.0,100.0,0.0,100.0,100.0,0.0,0.0,8.7
ice,361,L07_SNP_editing,hdr_het_ins,hdr_with_indel,SNP,True,100.0,92.0,-8.0,50.0,44.0,50.0,48.0,8.1
ice,362,L07_SNP_editing,hdr_het_del,hdr_with_indel,SNP,True,100.0,93.0,-7.0,50.0,43.0,0.0,0.0,9.2
ice,363,L07_SNP_editing,hdrindel_wt,hdr_with_indel,SNP,True,50.0,92.0,42.0,0.0,43.0,50.0,49.0,9.1
ice,364,L07_SNP_editing,het_del2,hom_or_het_small_indel,SNP,True,50.0,48.0,-2.0,0.0,0.0,50.0,48.0,11.0
ice,365,L07_SNP_editing,hom_ins1,hom_or_het_small_indel,SNP,True,100.0,99.0,-1.0,0.0,0.0,100.0,99.0,8.1
ice,366,L07_SNP_editing,het_del8,hom_or_het_small_indel,SNP,True,50.0,50.0,0.0,0.0,0.0,50.0,50.0,9.9
ice,367,L07_SNP_editing,mix1,mixed_alleles,SNP,True,70.0,65.0,-5.0,40.0,35.0,30.0,30.0,8.5
ice,368,L07_SNP_editing,mix2,mixed_alleles,SNP,True,80.0,72.0,-8.0,30.0,23.0,50.0,49.0,8.3
ice,369,L07_SNP_editing,stress_hdr10,noisy,SNP,True,10.0,14.0,4.0,10.0,14.000000000000002,0.0,0.0,9.7
ice,370,L07_SNP_editing,stress_hdr50,noisy,SNP,True,50.0,48.0,-2.0,50.0,48.0,0.0,0.0,9.1
ice,371,L07_SNP_editing,hard_hdr25,noisy,SNP,True,25.0,24.0,-1.0,25.0,18.0,0.0,6.0,8.3
ice,372,L07_SNP_editing,hard_het_del2,noisy,SNP,True,50.0,42.0,-8.0,0.0,0.0,50.0,42.0,10.0
ice,373,L10_SNP_editing,wt_rep1,wt,SNP,True,0.0,0.0,0.0,0.0,0.0,0.0,0.0,5.0
ice,374,L10_SNP_editing,wt_rep2,wt,SNP,True,0.0,0.0,0.0,0.0,0.0,0.0,0.0,4.5
ice,375,L10_SNP_editing,wt_rep3,wt,SNP,True,0.0,0.0,0.0,0.0,0.0,0.0,0.0,4.5
ice,376,L10_SNP_editing,hdr_f2,hdr_graded,SNP,True,2.0,0.0,-2.0,2.0,0.0,0.0,0.0,4.8
ice,377,L10_SNP_editing,hdr_f5,hdr_graded,SNP,True,5.0,0.0,-5.0,5.0,0.0,0.0,0.0,4.6
ice,378,L10_SNP_editing,hdr_f10,hdr_graded,SNP,True,10.0,7.0,-3.0,10.0,7.000000000000001,0.0,0.0,4.5
ice,379,L10_SNP_editing,hdr_f25,hdr_graded,SNP,True,25.0,20.0,-5.0,25.0,20.0,0.0,0.0,4.5
ice,380,L10_SNP_editing,hdr_f50,hdr_graded,SNP,True,50.0,49.0,-1.0,50.0,49.0,0.0,0.0,4.0
ice,381,L10_SNP_editing,hdr_f75,hdr_graded,SNP,True,75.0,86.0,11.0,75.0,86.0,0.0,0.0,3.9
ice,382,L10_SNP_editing,hdr_f100,hdr_graded,SNP,True,100.0,99.0,-1.0,100.0,99.0,0.0,0.0,4.3
ice,383,L10_SNP_editing,hdr_het_ins,hdr_with_indel,SNP,True,100.0,97.0,-3.0,50.0,46.0,50.0,51.0,4.8
ice,384,L10_SNP_editing,hdr_het_del,hdr_with_indel,SNP,True,100.0,89.0,-11.0,50.0,40.0,0.0,0.0,4.6
ice,385,L10_SNP_editing,hdrindel_wt,hdr_with_indel,SNP,True,50.0,74.0,24.0,0.0,24.0,50.0,50.0,4.6
ice,386,L10_SNP_editing,partial_near_hom,partial_conversion,SNP,True,100.0,38.0,-62.0,0.0,38.0,0.0,0.0,4.5
ice,387,L10_SNP_editing,partial_far_het,partial_conversion,SNP,True,50.0,33.0,-17.0,0.0,33.0,0.0,0.0,3.9
ice,388,L10_SNP_editing,partial_mix,partial_conversion,SNP,True,80.0,39.0,-41.0,20.0,39.0,0.0,0.0,5.9
ice,389,L10_SNP_editing,het_del2,hom_or_het_small_indel,SNP,True,50.0,49.0,-1.0,0.0,0.0,50.0,49.0,7.7
ice,390,L10_SNP_editing,hom_ins1,hom_or_het_small_indel,SNP,True,100.0,99.0,-1.0,0.0,0.0,100.0,99.0,5.0
ice,391,L10_SNP_editing,het_del8,hom_or_het_small_indel,SNP,True,50.0,53.0,3.0,0.0,4.0,50.0,49.0,6.1
ice,392,L10_SNP_editing,mix1,mixed_alleles,SNP,True,70.0,67.0,-3.0,40.0,37.0,30.0,30.0,5.5
ice,393,L10_SNP_editing,mix2,mixed_alleles,SNP,True,80.0,73.0,-7.0,30.0,24.0,50.0,49.0,5.1
ice,394,L10_SNP_editing,stress_hdr10,noisy,SNP,True,10.0,1.0,-9.0,10.0,1.0,0.0,0.0,4.6
ice,395,L10_SNP_editing,stress_hdr50,noisy,SNP,True,50.0,52.0,2.0,50.0,52.0,0.0,0.0,7.1
ice,396,L10_SNP_editing,hard_hdr25,noisy,SNP,True,25.0,15.0,-10.0,25.0,15.0,0.0,0.0,4.6
ice,397,L10_SNP_editing,hard_het_del2,noisy,SNP,True,50.0,45.0,-5.0,0.0,0.0,50.0,44.0,4.2
peaksplit,0,L05_SNP_editing,wt_rep1,wt,SNP,True,0.0,2.83,2.83,0.0,0.0,0.0,1.42,0.187
peaksplit,1,L05_SNP_editing,wt_rep2,wt,SNP,True,0.0,0.07,0.07,0.0,0.0,0.0,0.0,0.157
peaksplit,2,L05_SNP_editing,wt_rep3,wt,SNP,True,0.0,3.15,3.15,0.0,0.0,0.0,2.06,0.131
peaksplit,3,L05_SNP_editing,hdr_f2,hdr_graded,SNP,True,2.0,2.33,0.33000000000000007,2.0,2.22,0.0,0.0,0.103
peaksplit,4,L05_SNP_editing,hdr_f5,hdr_graded,SNP,True,5.0,4.49,-0.5099999999999998,5.0,4.44,0.0,0.0,0.149
peaksplit,5,L05_SNP_editing,hdr_f10,hdr_graded,SNP,True,10.0,14.96,4.960000000000001,10.0,8.88,0.0,4.12,0.159
peaksplit,6,L05_SNP_editing,hdr_f25,hdr_graded,SNP,True,25.0,28.86,3.8599999999999994,25.0,23.55,0.0,4.28,0.282
peaksplit,7,L05_SNP_editing,hdr_f50,hdr_graded,SNP,True,50.0,49.58,-0.4200000000000017,50.0,49.29,0.0,0.0,0.134
peaksplit,8,L05_SNP_editing,hdr_f75,hdr_graded,SNP,True,75.0,74.66,-0.3400000000000034,75.0,72.08,0.0,1.4,0.136
peaksplit,9,L05_SNP_editing,hdr_f100,hdr_graded,SNP,True,100.0,100.0,0.0,100.0,94.16,0.0,3.83,0.131
peaksplit,10,L05_SNP_editing,hdr_het_ins,hdr_with_indel,SNP,True,100.0,99.42,-0.5799999999999983,50.0,45.91,50.0,50.85,0.105
peaksplit,11,L05_SNP_editing,hdr_het_del,hdr_with_indel,SNP,True,100.0,99.02,-0.980000000000004,50.0,47.29,0.0,1.05,0.104
peaksplit,12,L05_SNP_editing,partial_near_hom,partial_conversion,SNP,True,100.0,51.69,-48.31,0.0,45.26,0.0,5.64,0.107
peaksplit,13,L05_SNP_editing,partial_far_het,partial_conversion,SNP,True,50.0,22.57,-27.43,0.0,21.51,0.0,0.57,0.103
peaksplit,14,L05_SNP_editing,partial_mix,partial_conversion,SNP,True,80.0,52.85,-27.15,20.0,45.78,0.0,5.2,0.092
peaksplit,15,L05_SNP_editing,het_del2,hom_or_het_small_indel,SNP,True,50.0,53.59,3.5900000000000034,0.0,0.0,50.0,51.99,0.091
peaksplit,16,L05_SNP_editing,hom_ins1,hom_or_het_small_indel,SNP,True,100.0,100.0,0.0,0.0,0.0,100.0,98.55,0.094
peaksplit,17,L05_SNP_editing,het_del8,hom_or_het_small_indel,SNP,True,50.0,54.61,4.609999999999999,0.0,1.2,50.0,50.41,0.107
peaksplit,18,L05_SNP_editing,mix1,mixed_alleles,SNP,True,70.0,67.64,-2.3599999999999994,40.0,33.23,30.0,32.19,0.103
peaksplit,19,L05_SNP_editing,mix2,mixed_alleles,SNP,True,80.0,81.69,1.6899999999999977,30.0,29.99,50.0,51.04,0.102
peaksplit,20,L05_SNP_editing,stress_hdr10,noisy,SNP,True,10.0,18.63,8.629999999999999,10.0,9.64,0.0,6.07,0.103
peaksplit,21,L05_SNP_editing,stress_hdr50,noisy,SNP,True,50.0,55.86,5.859999999999999,50.0,45.54,0.0,7.71,0.083
peaksplit,22,L05_SNP_editing,hard_hdr25,noisy,SNP,True,25.0,38.84,13.840000000000003,25.0,18.43,0.0,14.52,0.109
peaksplit,23,L05_SNP_editing,hard_het_del2,noisy,SNP,True,50.0,60.11,10.11,0.0,0.0,50.0,57.0,0.156
peaksplit,24,L10_SNP_editing,wt_rep1,wt,SNP,True,0.0,5.76,5.76,0.0,0.49,0.0,3.96,0.15
peaksplit,25,L10_SNP_editing,wt_rep2,wt,SNP,True,0.0,3.22,3.22,0.0,0.0,0.0,1.59,0.165
peaksplit,26,L10_SNP_editing,wt_rep3,wt,SNP,True,0.0,2.71,2.71,0.0,0.0,0.0,1.66,0.186
peaksplit,27,L10_SNP_editing,hdr_f2,hdr_graded,SNP,True,2.0,0.98,-1.02,2.0,0.93,0.0,0.0,0.135
peaksplit,28,L10_SNP_editing,hdr_f5,hdr_graded,SNP,True,5.0,10.74,5.74,5.0,4.2,0.0,5.31,0.146
peaksplit,29,L10_SNP_editing,hdr_f10,hdr_graded,SNP,True,10.0,9.61,-0.39000000000000057,10.0,7.24,0.0,1.1,0.117
peaksplit,30,L10_SNP_editing,hdr_f25,hdr_graded,SNP,True,25.0,20.4,-4.600000000000001,25.0,20.23,0.0,0.0,0.138
peaksplit,31,L10_SNP_editing,hdr_f50,hdr_graded,SNP,True,50.0,42.55,-7.450000000000003,50.0,39.42,0.0,1.91,0.126
peaksplit,32,L10_SNP_editing,hdr_f75,hdr_graded,SNP,True,75.0,68.97,-6.030000000000001,75.0,63.05,0.0,4.24,0.145
peaksplit,33,L10_SNP_editing,hdr_f100,hdr_graded,SNP,True,100.0,99.3,-0.7000000000000028,100.0,95.86,0.0,2.14,0.124
peaksplit,34,L10_SNP_editing,hdr_het_ins,hdr_with_indel,SNP,True,100.0,91.69,-8.310000000000002,50.0,38.42,50.0,52.74,0.158
peaksplit,35,L10_SNP_editing,hdr_het_del,hdr_with_indel,SNP,True,100.0,87.77,-12.230000000000004,50.0,35.22,0.0,2.72,0.22
peaksplit,36,L10_SNP_editing,hdrindel_wt,hdr_with_indel,SNP,True,50.0,53.33,3.3299999999999983,0.0,0.0,50.0,52.55,0.212
peaksplit,37,L10_SNP_editing,partial_near_hom,partial_conversion,SNP,True,100.0,41.85,-58.15,0.0,34.63,0.0,4.14,0.141
peaksplit,38,L10_SNP_editing,partial_far_het,partial_conversion,SNP,True,50.0,29.17,-20.83,0.0,22.45,0.0,5.16,0.15
peaksplit,39,L10_SNP_editing,partial_mix,partial_conversion,SNP,True,80.0,44.55,-35.45,20.0,38.67,0.0,3.74,0.145
peaksplit,40,L10_SNP_editing,het_del2,hom_or_het_small_indel,SNP,True,50.0,52.36,2.3599999999999994,0.0,0.0,50.0,50.33,0.149
peaksplit,41,L10_SNP_editing,hom_ins1,hom_or_het_small_indel,SNP,True,100.0,100.0,0.0,0.0,0.0,100.0,98.97,0.152
peaksplit,42,L10_SNP_editing,het_del8,hom_or_het_small_indel,SNP,True,50.0,52.67,2.6700000000000017,0.0,0.3,50.0,50.09,0.13
peaksplit,43,L10_SNP_editing,mix1,mixed_alleles,SNP,True,70.0,62.15,-7.850000000000001,40.0,29.9,30.0,31.79,0.316
peaksplit,44,L10_SNP_editing,mix2,mixed_alleles,SNP,True,80.0,75.05,-4.950000000000003,30.0,20.21,50.0,53.36,0.349
peaksplit,45,L10_SNP_editing,stress_hdr10,noisy,SNP,True,10.0,16.53,6.530000000000001,10.0,3.59,0.0,10.15,0.169
peaksplit,46,L10_SNP_editing,stress_hdr50,noisy,SNP,True,50.0,50.64,0.6400000000000006,50.0,41.92,0.0,6.44,0.266
peaksplit,47,L10_SNP_editing,hard_hdr25,noisy,SNP,True,25.0,35.72,10.719999999999999,25.0,17.5,0.0,11.72,0.176
peaksplit,48,L10_SNP_editing,hard_het_del2,noisy,SNP,True,50.0,59.61,9.61,0.0,0.37,50.0,55.39,0.19
peaksplit,49,L02_KO_SNP_editing,wt_rep1,wt,KO,True,0.0,7.27,7.27,,,0.0,6.96,1.225
peaksplit,50,L02_KO_SNP_editing,wt_rep2,wt,KO,True,0.0,4.19,4.19,,,0.0,3.21,1.122
peaksplit,51,L02_KO_SNP_editing,wt_rep3,wt,KO,True,0.0,0.09,0.09,,,0.0,0.0,0.736
peaksplit,52,L02_KO_SNP_editing,het_del1,hom_or_het_small_indel,KO,True,50.0,56.28,6.280000000000001,,,50.0,55.97,1.338
peaksplit,53,L02_KO_SNP_editing,het_del2,hom_or_het_small_indel,KO,True,50.0,8.25,-41.75,,,50.0,7.26,1.142
peaksplit,54,L02_KO_SNP_editing,het_del4,hom_or_het_small_indel,KO,True,50.0,55.93,5.93,,,50.0,54.4,0.705
peaksplit,55,L02_KO_SNP_editing,hom_del1,hom_or_het_small_indel,KO,True,100.0,100.0,0.0,,,100.0,98.83,0.529
peaksplit,56,L02_KO_SNP_editing,het_ins1,hom_or_het_small_indel,KO,True,50.0,9.22,-40.78,,,50.0,7.95,0.563
peaksplit,57,L02_KO_SNP_editing,hom_ins1,hom_or_het_small_indel,KO,True,100.0,100.0,0.0,,,100.0,99.89,0.79
peaksplit,58,L02_KO_SNP_editing,het_ins6,hom_or_het_small_indel,KO,True,50.0,53.18,3.1799999999999997,,,0.0,8.67,1.414
peaksplit,59,L02_KO_SNP_editing,cmp_del3_ins1,compound_het,KO,True,100.0,58.86,-41.14,,,50.0,14.32,0.636
peaksplit,60,L02_KO_SNP_editing,between_f2,two_cut_graded,KO,True,2.0,8.48,6.48,,,2.0,7.5,0.578
peaksplit,61,L02_KO_SNP_editing,between_f5,two_cut_graded,KO,True,5.0,5.38,0.3799999999999999,,,5.0,4.65,0.618
peaksplit,62,L02_KO_SNP_editing,between_f10,two_cut_graded,KO,True,10.0,15.54,5.539999999999999,,,10.0,14.4,0.587
peaksplit,63,L02_KO_SNP_editing,between_f25,two_cut_graded,KO,True,25.0,26.64,1.6400000000000006,,,25.0,25.28,0.55
peaksplit,64,L02_KO_SNP_editing,between_f50,two_cut_graded,KO,True,50.0,52.28,2.280000000000001,,,50.0,51.25,0.529
peaksplit,65,L02_KO_SNP_editing,between_f75,two_cut_graded,KO,True,75.0,76.1,1.0999999999999943,,,75.0,75.58,0.535
peaksplit,66,L02_KO_SNP_editing,between_f100,two_cut_graded,KO,True,100.0,100.0,0.0,,,100.0,99.9,0.647
peaksplit,67,L02_KO_SNP_editing,between_jit_hom,two_cut_junction_shift,KO,True,100.0,99.08,-0.9200000000000017,,,100.0,97.81,0.575
peaksplit,68,L02_KO_SNP_editing,between_jit_het,two_cut_junction_shift,KO,True,50.0,51.27,1.2700000000000031,,,50.0,49.66,0.51
peaksplit,69,L02_KO_SNP_editing,large_del40_het,large_deletion,KO,True,50.0,52.71,2.710000000000001,,,50.0,52.53,0.501
peaksplit,70,L02_KO_SNP_editing,large_del80_het,large_deletion,KO,True,50.0,53.82,3.8200000000000003,,,50.0,53.8,0.588
peaksplit,71,L02_KO_SNP_editing,between_ins,two_cut_plus_indel,KO,True,100.0,100.0,0.0,,,100.0,99.85,0.507
peaksplit,72,L02_KO_SNP_editing,between_del_wt,two_cut_plus_indel,KO,True,70.0,45.12,-24.880000000000003,,,70.0,43.41,0.613
peaksplit,73,L02_KO_SNP_editing,pool2,pool,KO,True,90.559,59.72,-30.839,,,90.559,58.3,0.559
peaksplit,74,L02_KO_SNP_editing,lod_ins1_f2,low_fraction_indel,KO,True,2.0,7.93,5.93,,,2.0,6.55,0.575
peaksplit,75,L02_KO_SNP_editing,lod_ins1_f5,low_fraction_indel,KO,True,5.0,11.04,6.039999999999999,,,5.0,10.72,0.536
peaksplit,76,L02_KO_SNP_editing,lod_ins1_f10,low_fraction_indel,KO,True,10.0,13.28,3.2799999999999994,,,10.0,12.86,0.496
peaksplit,77,L02_KO_SNP_editing,hard_between25,noisy,KO,True,25.0,39.68,14.68,,,25.0,37.7,0.585
peaksplit,78,L02_KO_SNP_editing,hard_het_del2,noisy,KO,True,50.0,63.08,13.079999999999998,,,50.0,62.48,0.52
peaksplit,79,L03_KO_SNP_editing,wt_rep1,wt,KO,True,0.0,5.84,5.84,,,0.0,4.42,0.963
peaksplit,80,L03_KO_SNP_editing,wt_rep2,wt,KO,True,0.0,3.55,3.55,,,0.0,1.95,1.059
peaksplit,81,L03_KO_SNP_editing,wt_rep3,wt,KO,True,0.0,3.53,3.53,,,0.0,2.05,1.019
peaksplit,82,L03_KO_SNP_editing,het_del1,hom_or_het_small_indel,KO,True,50.0,54.21,4.210000000000001,,,50.0,53.84,1.023
peaksplit,83,L03_KO_SNP_editing,het_del2,hom_or_het_small_indel,KO,True,50.0,54.08,4.079999999999998,,,50.0,53.03,1.019
peaksplit,84,L03_KO_SNP_editing,het_del4,hom_or_het_small_indel,KO,True,50.0,51.22,1.2199999999999989,,,50.0,50.68,1.05
peaksplit,85,L03_KO_SNP_editing,het_del7,hom_or_het_small_indel,KO,True,50.0,51.74,1.740000000000002,,,50.0,50.84,1.048
peaksplit,86,L03_KO_SNP_editing,hom_del1,hom_or_het_small_indel,KO,True,100.0,100.0,0.0,,,100.0,98.6,0.983
peaksplit,87,L03_KO_SNP_editing,hom_del5,hom_or_het_small_indel,KO,True,100.0,100.0,0.0,,,100.0,99.98,1.025
peaksplit,88,L03_KO_SNP_editing,het_ins1,hom_or_het_small_indel,KO,True,50.0,53.62,3.6199999999999974,,,50.0,51.65,1.017
peaksplit,89,L03_KO_SNP_editing,hom_ins1,hom_or_het_small_indel,KO,True,100.0,100.0,0.0,,,100.0,99.98,0.962
peaksplit,90,L03_KO_SNP_editing,het_ins6,hom_or_het_small_indel,KO,True,50.0,55.53,5.530000000000001,,,0.0,10.95,1.009
peaksplit,91,L03_KO_SNP_editing,cmp_del3_ins1,compound_het,KO,True,100.0,100.0,0.0,,,50.0,54.77,0.964
peaksplit,92,L03_KO_SNP_editing,cmp_del11_del5,compound_het,KO,True,100.0,100.0,0.0,,,100.0,98.72,1.037
peaksplit,93,L03_KO_SNP_editing,between_f2,two_cut_graded,KO,True,2.0,8.75,6.75,,,2.0,7.45,1.038
peaksplit,94,L03_KO_SNP_editing,between_f5,two_cut_graded,KO,True,5.0,5.95,0.9500000000000002,,,5.0,5.58,0.95
peaksplit,95,L03_KO_SNP_editing,between_f10,two_cut_graded,KO,True,10.0,16.14,6.140000000000001,,,10.0,15.18,0.971
peaksplit,96,L03_KO_SNP_editing,between_f25,two_cut_graded,KO,True,25.0,32.13,7.130000000000003,,,25.0,31.41,1.014
peaksplit,97,L03_KO_SNP_editing,between_f50,two_cut_graded,KO,True,50.0,54.3,4.299999999999997,,,50.0,54.08,0.99
peaksplit,98,L03_KO_SNP_editing,between_f75,two_cut_graded,KO,True,75.0,76.29,1.2900000000000063,,,75.0,75.85,1.098
peaksplit,99,L03_KO_SNP_editing,between_f100,two_cut_graded,KO,True,100.0,100.0,0.0,,,100.0,99.98,1.182
peaksplit,100,L03_KO_SNP_editing,between_jit_hom,two_cut_junction_shift,KO,True,100.0,100.0,0.0,,,100.0,98.33,1.125
peaksplit,101,L03_KO_SNP_editing,between_jit_het,two_cut_junction_shift,KO,True,50.0,53.84,3.8400000000000034,,,50.0,53.24,1.341
peaksplit,102,L03_KO_SNP_editing,large_del40_het,large_deletion,KO,True,50.0,50.24,0.240000000000002,,,50.0,50.2,1.044
peaksplit,103,L03_KO_SNP_editing,large_del80_het,large_deletion,KO,True,50.0,50.41,0.4099999999999966,,,50.0,50.24,1.064
peaksplit,104,L03_KO_SNP_editing,large_del150_het,large_deletion,KO,True,50.0,56.84,6.840000000000003,,,50.0,54.03,1.217
peaksplit,105,L03_KO_SNP_editing,large_del80_hom,large_deletion,KO,True,100.0,100.0,0.0,,,100.0,100.0,1.349
peaksplit,106,L03_KO_SNP_editing,between_ins,two_cut_plus_indel,KO,True,100.0,100.0,0.0,,,100.0,99.35,1.104
peaksplit,107,L03_KO_SNP_editing,between_del_wt,two_cut_plus_indel,KO,True,70.0,72.19,2.1899999999999977,,,70.0,71.97,1.013
peaksplit,108,L03_KO_SNP_editing,pool1,pool,KO,True,76.805,77.83,1.0249999999999915,,,68.913,70.51,1.035
peaksplit,109,L03_KO_SNP_editing,pool2,pool,KO,True,85.495,87.07,1.5749999999999886,,,35.488,40.3,0.974
peaksplit,110,L03_KO_SNP_editing,lod_ins1_f2,low_fraction_indel,KO,True,2.0,5.51,3.51,,,2.0,4.58,1.274
peaksplit,111,L03_KO_SNP_editing,lod_ins1_f5,low_fraction_indel,KO,True,5.0,6.13,1.13,,,5.0,5.4,1.16
peaksplit,112,L03_KO_SNP_editing,lod_ins1_f10,low_fraction_indel,KO,True,10.0,14.17,4.17,,,10.0,13.35,1.083
peaksplit,113,L03_KO_SNP_editing,hard_between25,noisy,KO,True,25.0,39.47,14.469999999999999,,,25.0,37.97,1.12
peaksplit,114,L03_KO_SNP_editing,hard_het_del2,noisy,KO,True,50.0,63.72,13.719999999999999,,,50.0,61.36,1.031
peaksplit,115,L01_KO_SNP_editing,wt_rep1,wt,KO,True,0.0,2.86,2.86,,,0.0,1.67,0.983
peaksplit,116,L01_KO_SNP_editing,wt_rep2,wt,KO,True,0.0,0.26,0.26,,,0.0,0.0,1.05
peaksplit,117,L01_KO_SNP_editing,wt_rep3,wt,KO,True,0.0,6.05,6.05,,,0.0,4.71,0.982
peaksplit,118,L01_KO_SNP_editing,het_del1,hom_or_het_small_indel,KO,True,50.0,53.21,3.210000000000001,,,50.0,51.89,0.996
peaksplit,119,L01_KO_SNP_editing,het_del2,hom_or_het_small_indel,KO,True,50.0,36.13,-13.869999999999997,,,50.0,32.23,1.121
peaksplit,120,L01_KO_SNP_editing,het_del4,hom_or_het_small_indel,KO,True,50.0,51.52,1.5200000000000031,,,50.0,51.08,1.164
peaksplit,121,L01_KO_SNP_editing,het_del7,hom_or_het_small_indel,KO,True,50.0,32.16,-17.840000000000003,,,50.0,29.65,1.026
peaksplit,122,L01_KO_SNP_editing,hom_del1,hom_or_het_small_indel,KO,True,100.0,100.0,0.0,,,100.0,99.77,0.956
peaksplit,123,L01_KO_SNP_editing,hom_del5,hom_or_het_small_indel,KO,True,100.0,66.11,-33.89,,,100.0,62.41,1.04
peaksplit,124,L01_KO_SNP_editing,het_ins1,hom_or_het_small_indel,KO,True,50.0,29.24,-20.76,,,50.0,27.57,0.981
peaksplit,125,L01_KO_SNP_editing,hom_ins1,hom_or_het_small_indel,KO,True,100.0,100.0,0.0,,,100.0,98.49,1.051
peaksplit,126,L01_KO_SNP_editing,het_ins6,hom_or_het_small_indel,KO,True,50.0,51.92,1.9200000000000017,,,0.0,2.79,0.956
peaksplit,127,L01_KO_SNP_editing,cmp_del3_ins1,compound_het,KO,True,100.0,77.24,-22.760000000000005,,,50.0,28.93,1.022
peaksplit,128,L01_KO_SNP_editing,cmp_del11_del5,compound_het,KO,True,100.0,81.74,-18.260000000000005,,,100.0,78.3,1.031
peaksplit,129,L01_KO_SNP_editing,between_f2,two_cut_graded,KO,True,2.0,2.21,0.20999999999999996,,,2.0,1.81,1.14
peaksplit,130,L01_KO_SNP_editing,between_f5,two_cut_graded,KO,True,5.0,5.42,0.41999999999999993,,,5.0,4.79,0.948
peaksplit,131,L01_KO_SNP_editing,between_f10,two_cut_graded,KO,True,10.0,11.59,1.5899999999999999,,,10.0,10.82,1.085
peaksplit,132,L01_KO_SNP_editing,between_f25,two_cut_graded,KO,True,25.0,26.39,1.3900000000000006,,,25.0,25.62,0.964
peaksplit,133,L01_KO_SNP_editing,between_f50,two_cut_graded,KO,True,50.0,51.1,1.1000000000000014,,,50.0,50.07,0.962
peaksplit,134,L01_KO_SNP_editing,between_f75,two_cut_graded,KO,True,75.0,75.39,0.39000000000000057,,,75.0,74.27,0.992
peaksplit,135,L01_KO_SNP_editing,between_f100,two_cut_graded,KO,True,100.0,100.0,0.0,,,100.0,98.91,1.008
peaksplit,136,L01_KO_SNP_editing,between_jit_hom,two_cut_junction_shift,KO,True,100.0,99.49,-0.5100000000000051,,,100.0,98.35,0.966
peaksplit,137,L01_KO_SNP_editing,between_jit_het,two_cut_junction_shift,KO,True,50.0,53.3,3.299999999999997,,,50.0,52.13,1.044
peaksplit,138,L01_KO_SNP_editing,large_del40_het,large_deletion,KO,True,50.0,50.91,0.9099999999999966,,,50.0,50.7,1.059
peaksplit,139,L01_KO_SNP_editing,large_del80_het,large_deletion,KO,True,50.0,50.1,0.10000000000000142,,,50.0,49.84,1.159
peaksplit,140,L01_KO_SNP_editing,large_del150_het,large_deletion,KO,False,50.0,,,,,50.0,,0.005
peaksplit,141,L01_KO_SNP_editing,large_del80_hom,large_deletion,KO,True,100.0,96.75,-3.25,,,100.0,94.32,0.948
peaksplit,142,L01_KO_SNP_editing,between_ins,two_cut_plus_indel,KO,True,100.0,100.0,0.0,,,100.0,97.12,1.008
peaksplit,143,L01_KO_SNP_editing,between_del_wt,two_cut_plus_indel,KO,True,70.0,59.8,-10.200000000000003,,,70.0,57.91,1.029
peaksplit,144,L01_KO_SNP_editing,pool1,pool,KO,True,91.43,70.09,-21.340000000000003,,,80.523,54.35,1.003
peaksplit,145,L01_KO_SNP_editing,pool2,pool,KO,True,69.438,63.84,-5.597999999999999,,,57.132,50.12,1.015
peaksplit,146,L01_KO_SNP_editing,lod_ins1_f2,low_fraction_indel,KO,True,2.0,2.16,0.16000000000000014,,,2.0,1.95,1.038
peaksplit,147,L01_KO_SNP_editing,lod_ins1_f5,low_fraction_indel,KO,True,5.0,8.39,3.3900000000000006,,,5.0,6.94,0.961
peaksplit,148,L01_KO_SNP_editing,lod_ins1_f10,low_fraction_indel,KO,True,10.0,13.11,3.1099999999999994,,,10.0,12.13,1.103
peaksplit,149,L01_KO_SNP_editing,hard_between25,noisy,KO,True,25.0,41.33,16.33,,,25.0,37.38,1.104
peaksplit,150,L01_KO_SNP_editing,hard_het_del2,noisy,KO,True,50.0,60.83,10.829999999999998,,,50.0,60.5,1.229
peaksplit,151,L04_KO_SNP_editing,wt_rep1,wt,KO,True,0.0,3.21,3.21,,,0.0,1.91,1.133
peaksplit,152,L04_KO_SNP_editing,wt_rep2,wt,KO,True,0.0,5.56,5.56,,,0.0,4.2,1.025
peaksplit,153,L04_KO_SNP_editing,wt_rep3,wt,KO,True,0.0,2.8,2.8,,,0.0,0.9,1.123
peaksplit,154,L04_KO_SNP_editing,het_del1,hom_or_het_small_indel,KO,True,50.0,52.27,2.270000000000003,,,50.0,51.56,0.995
peaksplit,155,L04_KO_SNP_editing,het_del2,hom_or_het_small_indel,KO,True,50.0,42.68,-7.32,,,50.0,39.89,1.025
peaksplit,156,L04_KO_SNP_editing,het_del4,hom_or_het_small_indel,KO,True,50.0,54.02,4.020000000000003,,,50.0,53.09,2.498
peaksplit,157,L04_KO_SNP_editing,het_del7,hom_or_het_small_indel,KO,True,50.0,42.02,-7.979999999999997,,,50.0,40.22,2.469
peaksplit,158,L04_KO_SNP_editing,hom_del1,hom_or_het_small_indel,KO,True,100.0,99.77,-0.23000000000000398,,,100.0,98.05,1.358
peaksplit,159,L04_KO_SNP_editing,hom_del5,hom_or_het_small_indel,KO,True,100.0,81.39,-18.61,,,100.0,78.31,1.266
peaksplit,160,L04_KO_SNP_editing,het_ins1,hom_or_het_small_indel,KO,True,50.0,43.75,-6.25,,,50.0,41.61,1.41
peaksplit,161,L04_KO_SNP_editing,hom_ins1,hom_or_het_small_indel,KO,True,100.0,100.0,0.0,,,100.0,98.4,1.24
peaksplit,162,L04_KO_SNP_editing,het_ins6,hom_or_het_small_indel,KO,True,50.0,54.68,4.68,,,0.0,9.2,1.162
peaksplit,163,L04_KO_SNP_editing,cmp_del3_ins1,compound_het,KO,True,100.0,90.04,-9.959999999999994,,,50.0,42.11,1.133
peaksplit,164,L04_KO_SNP_editing,cmp_del11_del5,compound_het,KO,True,100.0,89.56,-10.439999999999998,,,100.0,87.86,1.316
peaksplit,165,L04_KO_SNP_editing,between_f2,two_cut_graded,KO,True,2.0,5.68,3.6799999999999997,,,2.0,4.62,1.169
peaksplit,166,L04_KO_SNP_editing,between_f5,two_cut_graded,KO,True,5.0,11.18,6.18,,,5.0,9.98,1.247
peaksplit,167,L04_KO_SNP_editing,between_f10,two_cut_graded,KO,True,10.0,12.89,2.8900000000000006,,,10.0,12.02,1.651
peaksplit,168,L04_KO_SNP_editing,between_f25,two_cut_graded,KO,True,25.0,30.17,5.170000000000002,,,25.0,28.85,1.929
peaksplit,169,L04_KO_SNP_editing,between_f50,two_cut_graded,KO,True,50.0,51.66,1.6599999999999966,,,50.0,51.19,1.558
peaksplit,170,L04_KO_SNP_editing,between_f75,two_cut_graded,KO,True,75.0,75.65,0.6500000000000057,,,75.0,75.22,1.707
peaksplit,171,L04_KO_SNP_editing,between_f100,two_cut_graded,KO,True,100.0,100.0,0.0,,,100.0,99.91,2.244
peaksplit,172,L04_KO_SNP_editing,between_jit_hom,two_cut_junction_shift,KO,True,100.0,100.0,0.0,,,100.0,98.28,1.431
peaksplit,173,L04_KO_SNP_editing,between_jit_het,two_cut_junction_shift,KO,True,50.0,54.32,4.32,,,50.0,53.21,1.593
peaksplit,174,L04_KO_SNP_editing,large_del40_het,large_deletion,KO,True,50.0,50.15,0.14999999999999858,,,50.0,49.66,1.677
peaksplit,175,L04_KO_SNP_editing,large_del80_het,large_deletion,KO,True,50.0,51.78,1.7800000000000011,,,50.0,51.67,1.11
peaksplit,176,L04_KO_SNP_editing,large_del150_het,large_deletion,KO,False,50.0,,,,,50.0,,0.004
peaksplit,177,L04_KO_SNP_editing,large_del80_hom,large_deletion,KO,True,100.0,100.0,0.0,,,100.0,99.05,1.117
peaksplit,178,L04_KO_SNP_editing,between_ins,two_cut_plus_indel,KO,True,100.0,100.0,0.0,,,100.0,99.14,1.068
peaksplit,179,L04_KO_SNP_editing,between_del_wt,two_cut_plus_indel,KO,True,70.0,65.18,-4.819999999999993,,,70.0,62.16,1.623
peaksplit,180,L04_KO_SNP_editing,pool1,pool,KO,True,90.454,80.6,-9.854,,,31.895,30.87,1.291
peaksplit,181,L04_KO_SNP_editing,pool2,pool,KO,True,88.848,79.35,-9.498000000000005,,,81.018,73.01,1.346
peaksplit,182,L04_KO_SNP_editing,lod_ins1_f2,low_fraction_indel,KO,True,2.0,9.21,7.210000000000001,,,2.0,7.83,1.345
peaksplit,183,L04_KO_SNP_editing,lod_ins1_f5,low_fraction_indel,KO,True,5.0,8.24,3.24,,,5.0,6.32,1.447
peaksplit,184,L04_KO_SNP_editing,lod_ins1_f10,low_fraction_indel,KO,True,10.0,10.84,0.8399999999999999,,,10.0,10.37,1.632
peaksplit,185,L04_KO_SNP_editing,hard_between25,noisy,KO,True,25.0,44.12,19.119999999999997,,,25.0,41.72,1.208
peaksplit,186,L04_KO_SNP_editing,hard_het_del2,noisy,KO,True,50.0,61.14,11.14,,,50.0,57.9,1.263
peaksplit,187,L06_KO_SNP_editing,wt_rep1,wt,KO,True,0.0,7.16,7.16,,,0.0,6.2,1.031
peaksplit,188,L06_KO_SNP_editing,wt_rep2,wt,KO,True,0.0,3.88,3.88,,,0.0,2.51,1.046
peaksplit,189,L06_KO_SNP_editing,wt_rep3,wt,KO,True,0.0,3.73,3.73,,,0.0,2.94,0.971
peaksplit,190,L06_KO_SNP_editing,het_del1,hom_or_het_small_indel,KO,True,50.0,53.69,3.6899999999999977,,,50.0,52.57,1.027
peaksplit,191,L06_KO_SNP_editing,het_del2,hom_or_het_small_indel,KO,True,50.0,48.18,-1.8200000000000003,,,50.0,48.08,0.882
peaksplit,192,L06_KO_SNP_editing,het_del4,hom_or_het_small_indel,KO,True,50.0,53.96,3.960000000000001,,,50.0,53.35,1.035
peaksplit,193,L06_KO_SNP_editing,het_del7,hom_or_het_small_indel,KO,True,50.0,43.58,-6.420000000000002,,,50.0,43.14,1.047
peaksplit,194,L06_KO_SNP_editing,hom_del1,hom_or_het_small_indel,KO,True,100.0,100.0,0.0,,,100.0,99.97,1.003
peaksplit,195,L06_KO_SNP_editing,hom_del5,hom_or_het_small_indel,KO,True,100.0,82.64,-17.36,,,100.0,82.47,0.945
peaksplit,196,L06_KO_SNP_editing,het_ins1,hom_or_het_small_indel,KO,True,50.0,45.36,-4.640000000000001,,,50.0,45.36,0.964
peaksplit,197,L06_KO_SNP_editing,hom_ins1,hom_or_het_small_indel,KO,True,100.0,100.0,0.0,,,100.0,98.5,1.017
peaksplit,198,L06_KO_SNP_editing,het_ins6,hom_or_het_small_indel,KO,True,50.0,54.26,4.259999999999998,,,0.0,6.17,0.987
peaksplit,199,L06_KO_SNP_editing,cmp_del3_ins1,compound_het,KO,True,100.0,90.41,-9.590000000000003,,,50.0,45.98,0.934
peaksplit,200,L06_KO_SNP_editing,cmp_del11_del5,compound_het,KO,True,100.0,90.83,-9.170000000000002,,,100.0,90.55,1.126
peaksplit,201,L06_KO_SNP_editing,between_f2,two_cut_graded,KO,True,2.0,2.42,0.41999999999999993,,,2.0,1.89,1.335
peaksplit,202,L06_KO_SNP_editing,between_f5,two_cut_graded,KO,True,5.0,8.08,3.08,,,5.0,7.54,1.717
peaksplit,203,L06_KO_SNP_editing,between_f10,two_cut_graded,KO,True,10.0,11.55,1.5500000000000007,,,10.0,10.8,1.378
peaksplit,204,L06_KO_SNP_editing,between_f25,two_cut_graded,KO,True,25.0,27.91,2.91,,,25.0,27.39,1.253
peaksplit,205,L06_KO_SNP_editing,between_f50,two_cut_graded,KO,True,50.0,54.35,4.350000000000001,,,50.0,52.87,1.206
peaksplit,206,L06_KO_SNP_editing,between_f75,two_cut_graded,KO,True,75.0,76.12,1.1200000000000045,,,75.0,74.94,1.316
peaksplit,207,L06_KO_SNP_editing,between_f100,two_cut_graded,KO,True,100.0,100.0,0.0,,,100.0,98.92,1.31
peaksplit,208,L06_KO_SNP_editing,between_jit_hom,two_cut_junction_shift,KO,True,100.0,99.39,-0.6099999999999994,,,0.0,7.81,1.238
peaksplit,209,L06_KO_SNP_editing,between_jit_het,two_cut_junction_shift,KO,True,50.0,51.44,1.4399999999999977,,,0.0,4.88,1.234
peaksplit,210,L06_KO_SNP_editing,large_del40_het,large_deletion,KO,True,50.0,50.79,0.7899999999999991,,,50.0,50.36,1.097
peaksplit,211,L06_KO_SNP_editing,large_del80_het,large_deletion,KO,True,50.0,51.62,1.6199999999999974,,,50.0,51.37,1.156
peaksplit,212,L06_KO_SNP_editing,large_del150_het,large_deletion,KO,True,50.0,100.0,50.0,,,50.0,99.04,0.396
peaksplit,213,L06_KO_SNP_editing,large_del80_hom,large_deletion,KO,True,100.0,100.0,0.0,,,100.0,100.0,0.915
peaksplit,214,L06_KO_SNP_editing,between_ins,two_cut_plus_indel,KO,True,100.0,100.0,0.0,,,100.0,98.46,2.031
peaksplit,215,L06_KO_SNP_editing,between_del_wt,two_cut_plus_indel,KO,True,70.0,67.23,-2.769999999999996,,,70.0,67.14,0.879
peaksplit,216,L06_KO_SNP_editing,pool1,pool,KO,True,81.327,74.78,-6.546999999999997,,,62.174,62.19,0.854
peaksplit,217,L06_KO_SNP_editing,pool2,pool,KO,True,98.921,86.68,-12.241,,,98.921,86.1,0.844
peaksplit,218,L06_KO_SNP_editing,lod_ins1_f2,low_fraction_indel,KO,True,2.0,2.57,0.5699999999999998,,,2.0,2.14,2.051
peaksplit,219,L06_KO_SNP_editing,lod_ins1_f5,low_fraction_indel,KO,True,5.0,11.53,6.529999999999999,,,5.0,10.24,1.678
peaksplit,220,L06_KO_SNP_editing,lod_ins1_f10,low_fraction_indel,KO,True,10.0,11.99,1.9900000000000002,,,10.0,11.52,0.94
peaksplit,221,L06_KO_SNP_editing,hard_between25,noisy,KO,True,25.0,38.52,13.520000000000003,,,25.0,36.82,1.043
peaksplit,222,L06_KO_SNP_editing,hard_het_del2,noisy,KO,True,50.0,60.35,10.350000000000001,,,50.0,58.68,0.945
peaksplit,223,L07_SNP_editing,wt_rep1,wt,SNP,True,0.0,6.06,6.06,0.0,2.56,0.0,2.58,0.276
peaksplit,224,L07_SNP_editing,wt_rep2,wt,SNP,True,0.0,6.05,6.05,0.0,2.83,0.0,2.36,0.32
peaksplit,225,L07_SNP_editing,wt_rep3,wt,SNP,True,0.0,4.71,4.71,0.0,1.95,0.0,1.82,0.286
peaksplit,226,L07_SNP_editing,hdr_f2,hdr_graded,SNP,True,2.0,9.95,7.949999999999999,2.0,3.85,0.0,5.65,0.324
peaksplit,227,L07_SNP_editing,hdr_f5,hdr_graded,SNP,True,5.0,12.19,7.1899999999999995,5.0,6.4,0.0,3.86,0.301
peaksplit,228,L07_SNP_editing,hdr_f10,hdr_graded,SNP,True,10.0,21.67,11.670000000000002,10.0,15.81,0.0,4.53,0.322
peaksplit,229,L07_SNP_editing,hdr_f25,hdr_graded,SNP,True,25.0,26.8,1.8000000000000007,25.0,26.8,0.0,0.0,0.297
peaksplit,230,L07_SNP_editing,hdr_f50,hdr_graded,SNP,True,50.0,51.25,1.25,50.0,47.98,0.0,2.28,0.344
peaksplit,231,L07_SNP_editing,hdr_f75,hdr_graded,SNP,True,75.0,75.83,0.8299999999999983,75.0,75.82,0.0,0.0,0.306
peaksplit,232,L07_SNP_editing,hdr_f100,hdr_graded,SNP,True,100.0,97.32,-2.680000000000007,100.0,91.62,0.0,4.11,0.298
peaksplit,233,L07_SNP_editing,hdr_het_ins,hdr_with_indel,SNP,True,100.0,75.17,-24.83,50.0,24.03,50.0,50.59,0.347
peaksplit,234,L07_SNP_editing,hdr_het_del,hdr_with_indel,SNP,True,100.0,76.85,-23.150000000000006,50.0,23.08,0.0,4.47,0.299
peaksplit,235,L07_SNP_editing,hdrindel_wt,hdr_with_indel,SNP,True,50.0,76.1,26.099999999999994,0.0,24.14,50.0,51.1,0.292
peaksplit,236,L07_SNP_editing,het_del2,hom_or_het_small_indel,SNP,True,50.0,54.03,4.030000000000001,0.0,2.01,50.0,51.92,0.364
peaksplit,237,L07_SNP_editing,hom_ins1,hom_or_het_small_indel,SNP,True,100.0,100.0,0.0,0.0,0.0,100.0,99.98,0.32
peaksplit,238,L07_SNP_editing,het_del8,hom_or_het_small_indel,SNP,True,50.0,54.0,4.0,0.0,1.09,50.0,51.12,0.301
peaksplit,239,L07_SNP_editing,mix1,mixed_alleles,SNP,True,70.0,64.95,-5.049999999999997,40.0,30.5,30.0,33.67,0.34
peaksplit,240,L07_SNP_editing,mix2,mixed_alleles,SNP,True,80.0,69.7,-10.299999999999997,30.0,17.4,50.0,51.61,0.292
peaksplit,241,L07_SNP_editing,stress_hdr10,noisy,SNP,True,10.0,22.67,12.670000000000002,10.0,11.22,0.0,8.96,0.29
peaksplit,242,L07_SNP_editing,stress_hdr50,noisy,SNP,True,50.0,55.86,5.859999999999999,50.0,43.88,0.0,8.75,0.292
peaksplit,243,L07_SNP_editing,hard_hdr25,noisy,SNP,True,25.0,39.63,14.630000000000003,25.0,22.2,0.0,13.28,0.432
peaksplit,244,L07_SNP_editing,hard_het_del2,noisy,SNP,True,50.0,60.25,10.25,0.0,2.06,50.0,55.33,0.378
peaksplit,245,L05_KO_SNP_editing,wt_rep1,wt,KO,True,0.0,3.3,3.3,,,0.0,1.9,1.583
peaksplit,246,L05_KO_SNP_editing,wt_rep2,wt,KO,True,0.0,0.02,0.02,,,0.0,0.0,1.204
peaksplit,247,L05_KO_SNP_editing,wt_rep3,wt,KO,True,0.0,0.02,0.02,,,0.0,0.0,1.39
peaksplit,248,L05_KO_SNP_editing,het_del1,hom_or_het_small_indel,KO,True,50.0,53.42,3.4200000000000017,,,50.0,51.42,1.351
peaksplit,249,L05_KO_SNP_editing,het_del2,hom_or_het_small_indel,KO,True,50.0,51.1,1.1000000000000014,,,50.0,50.77,1.231
peaksplit,250,L05_KO_SNP_editing,het_del4,hom_or_het_small_indel,KO,True,50.0,52.09,2.0900000000000034,,,50.0,50.04,1.175
peaksplit,251,L05_KO_SNP_editing,het_del7,hom_or_het_small_indel,KO,True,50.0,52.33,2.3299999999999983,,,50.0,51.96,1.218
peaksplit,252,L05_KO_SNP_editing,hom_del1,hom_or_het_small_indel,KO,True,100.0,100.0,0.0,,,100.0,99.95,1.29
peaksplit,253,L05_KO_SNP_editing,hom_del5,hom_or_het_small_indel,KO,True,100.0,95.99,-4.010000000000005,,,100.0,95.8,1.201
peaksplit,254,L05_KO_SNP_editing,het_ins1,hom_or_het_small_indel,KO,True,50.0,52.86,2.8599999999999994,,,50.0,51.39,1.341
peaksplit,255,L05_KO_SNP_editing,hom_ins1,hom_or_het_small_indel,KO,True,100.0,100.0,0.0,,,100.0,99.98,1.77
peaksplit,256,L05_KO_SNP_editing,het_ins6,hom_or_het_small_indel,KO,True,50.0,53.69,3.6899999999999977,,,0.0,4.25,1.494
peaksplit,257,L05_KO_SNP_editing,cmp_del3_ins1,compound_het,KO,True,100.0,98.54,-1.4599999999999937,,,50.0,52.93,1.199
peaksplit,258,L05_KO_SNP_editing,cmp_del11_del5,compound_het,KO,True,100.0,98.63,-1.3700000000000045,,,100.0,98.58,1.39
peaksplit,259,L05_KO_SNP_editing,between_f2,two_cut_graded,KO,True,2.0,2.34,0.33999999999999986,,,2.0,1.94,1.258
peaksplit,260,L05_KO_SNP_editing,between_f5,two_cut_graded,KO,True,5.0,8.47,3.4700000000000006,,,5.0,6.28,1.426
peaksplit,261,L05_KO_SNP_editing,between_f10,two_cut_graded,KO,True,10.0,11.7,1.6999999999999993,,,10.0,10.85,1.222
peaksplit,262,L05_KO_SNP_editing,between_f25,two_cut_graded,KO,True,25.0,29.33,4.329999999999998,,,25.0,28.27,1.251
peaksplit,263,L05_KO_SNP_editing,between_f50,two_cut_graded,KO,True,50.0,54.32,4.32,,,50.0,53.07,1.186
peaksplit,264,L05_KO_SNP_editing,between_f75,two_cut_graded,KO,True,75.0,76.82,1.8199999999999932,,,75.0,75.71,1.221
peaksplit,265,L05_KO_SNP_editing,between_f100,two_cut_graded,KO,True,100.0,100.0,0.0,,,100.0,99.98,1.243
peaksplit,266,L05_KO_SNP_editing,between_jit_hom,two_cut_junction_shift,KO,True,100.0,100.0,0.0,,,100.0,98.08,1.159
peaksplit,267,L05_KO_SNP_editing,between_jit_het,two_cut_junction_shift,KO,True,50.0,52.49,2.490000000000002,,,50.0,51.42,1.178
peaksplit,268,L05_KO_SNP_editing,large_del40_het,large_deletion,KO,True,50.0,51.82,1.8200000000000003,,,50.0,51.45,1.243
peaksplit,269,L05_KO_SNP_editing,large_del80_het,large_deletion,KO,True,50.0,50.53,0.5300000000000011,,,50.0,50.35,1.428
peaksplit,270,L05_KO_SNP_editing,large_del150_het,large_deletion,KO,True,50.0,100.0,50.0,,,50.0,96.55,1.849
peaksplit,271,L05_KO_SNP_editing,large_del80_hom,large_deletion,KO,True,100.0,100.0,0.0,,,100.0,99.29,1.42
peaksplit,272,L05_KO_SNP_editing,between_ins,two_cut_plus_indel,KO,True,100.0,100.0,0.0,,,100.0,98.56,1.423
peaksplit,273,L05_KO_SNP_editing,between_del_wt,two_cut_plus_indel,KO,True,70.0,70.56,0.5600000000000023,,,70.0,69.88,1.36
peaksplit,274,L05_KO_SNP_editing,pool1,pool,KO,True,69.403,71.71,2.306999999999988,,,69.284,71.15,1.372
peaksplit,275,L05_KO_SNP_editing,pool2,pool,KO,True,97.008,97.46,0.4519999999999982,,,75.71,76.56,1.261
peaksplit,276,L05_KO_SNP_editing,lod_ins1_f2,low_fraction_indel,KO,True,2.0,2.39,0.3900000000000001,,,2.0,2.02,1.418
peaksplit,277,L05_KO_SNP_editing,lod_ins1_f5,low_fraction_indel,KO,True,5.0,5.91,0.9100000000000001,,,5.0,5.19,1.297
peaksplit,278,L05_KO_SNP_editing,lod_ins1_f10,low_fraction_indel,KO,True,10.0,13.8,3.8000000000000007,,,10.0,12.75,1.252
peaksplit,279,L05_KO_SNP_editing,hard_between25,noisy,KO,True,25.0,42.31,17.310000000000002,,,25.0,38.06,1.45
peaksplit,280,L05_KO_SNP_editing,hard_het_del2,noisy,KO,True,50.0,63.42,13.420000000000002,,,50.0,62.87,1.49
peaksplit,281,L11_SNP_editing,wt_rep1,wt,SNP,True,0.0,3.33,3.33,0.0,0.0,0.0,2.28,0.109
peaksplit,282,L11_SNP_editing,wt_rep2,wt,SNP,True,0.0,2.97,2.97,0.0,0.0,0.0,2.05,0.14
peaksplit,283,L11_SNP_editing,wt_rep3,wt,SNP,True,0.0,3.2,3.2,0.0,0.0,0.0,1.89,0.131
peaksplit,284,L11_SNP_editing,hdr_f2,hdr_graded,SNP,True,2.0,1.35,-0.6499999999999999,2.0,1.32,0.0,0.0,0.121
peaksplit,285,L11_SNP_editing,hdr_f5,hdr_graded,SNP,True,5.0,5.76,0.7599999999999998,5.0,0.36,0.0,3.77,0.111
peaksplit,286,L11_SNP_editing,hdr_f10,hdr_graded,SNP,True,10.0,7.65,-2.3499999999999996,10.0,7.64,0.0,0.0,0.13
peaksplit,287,L11_SNP_editing,hdr_f25,hdr_graded,SNP,True,25.0,21.06,-3.9400000000000013,25.0,17.81,0.0,1.65,0.119
peaksplit,288,L11_SNP_editing,hdr_f50,hdr_graded,SNP,True,50.0,44.58,-5.420000000000002,50.0,44.55,0.0,0.0,0.146
peaksplit,289,L11_SNP_editing,hdr_f75,hdr_graded,SNP,True,75.0,67.56,-7.439999999999998,75.0,65.11,0.0,1.37,0.128
peaksplit,290,L11_SNP_editing,hdr_f100,hdr_graded,SNP,True,100.0,97.99,-2.010000000000005,100.0,92.76,0.0,3.46,0.164
peaksplit,291,L11_SNP_editing,hdr_het_ins,hdr_with_indel,SNP,True,100.0,99.87,-0.12999999999999545,50.0,48.02,50.0,50.96,0.172
peaksplit,292,L11_SNP_editing,hdr_het_del,hdr_with_indel,SNP,True,100.0,100.0,0.0,50.0,48.25,0.0,2.17,0.148
peaksplit,293,L11_SNP_editing,het_del2,hom_or_het_small_indel,SNP,True,50.0,53.42,3.4200000000000017,0.0,0.0,50.0,50.0,0.121
peaksplit,294,L11_SNP_editing,hom_ins1,hom_or_het_small_indel,SNP,True,100.0,100.0,0.0,0.0,0.0,100.0,98.76,0.12
peaksplit,295,L11_SNP_editing,het_del8,hom_or_het_small_indel,SNP,True,50.0,52.93,2.9299999999999997,0.0,0.0,50.0,52.01,0.145
peaksplit,296,L11_SNP_editing,mix1,mixed_alleles,SNP,True,70.0,63.46,-6.539999999999999,40.0,32.79,30.0,29.81,0.144
peaksplit,297,L11_SNP_editing,mix2,mixed_alleles,SNP,True,80.0,76.08,-3.9200000000000017,30.0,24.07,50.0,50.63,0.132
peaksplit,298,L11_SNP_editing,stress_hdr10,noisy,SNP,True,10.0,11.74,1.7400000000000002,10.0,2.08,0.0,7.92,0.115
peaksplit,299,L11_SNP_editing,stress_hdr50,noisy,SNP,True,50.0,45.32,-4.68,50.0,35.1,0.0,7.85,0.127
peaksplit,300,L11_SNP_editing,hard_hdr25,noisy,SNP,True,25.0,34.29,9.29,25.0,12.82,0.0,17.0,0.163
peaksplit,301,L11_SNP_editing,hard_het_del2,noisy,SNP,True,50.0,60.86,10.86,0.0,0.0,50.0,54.4,0.171
peaksplit,302,L08_SNP_editing,wt_rep1,wt,SNP,True,0.0,3.12,3.12,0.0,0.0,0.0,2.12,0.223
peaksplit,303,L08_SNP_editing,wt_rep2,wt,SNP,True,0.0,3.65,3.65,0.0,0.98,0.0,1.76,0.281
peaksplit,304,L08_SNP_editing,wt_rep3,wt,SNP,True,0.0,8.07,8.07,0.0,2.53,0.0,4.29,0.273
peaksplit,305,L08_SNP_editing,hdr_f2,hdr_graded,SNP,True,2.0,4.63,2.63,2.0,2.12,0.0,1.22,0.261
peaksplit,306,L08_SNP_editing,hdr_f5,hdr_graded,SNP,True,5.0,7.93,2.9299999999999997,5.0,4.9,0.0,1.83,0.219
peaksplit,307,L08_SNP_editing,hdr_f10,hdr_graded,SNP,True,10.0,14.35,4.35,10.0,9.67,0.0,3.5,0.192
peaksplit,308,L08_SNP_editing,hdr_f25,hdr_graded,SNP,True,25.0,30.04,5.039999999999999,25.0,25.21,0.0,3.36,0.25
peaksplit,309,L08_SNP_editing,hdr_f50,hdr_graded,SNP,True,50.0,50.19,0.18999999999999773,50.0,49.52,0.0,0.0,0.219
peaksplit,310,L08_SNP_editing,hdr_f75,hdr_graded,SNP,True,75.0,76.57,1.5699999999999932,75.0,73.9,0.0,1.08,0.269
peaksplit,311,L08_SNP_editing,hdr_f100,hdr_graded,SNP,True,100.0,100.0,0.0,100.0,93.88,0.0,4.49,0.225
peaksplit,312,L08_SNP_editing,hdr_het_ins,hdr_with_indel,SNP,True,100.0,97.56,-2.4399999999999977,50.0,45.53,50.0,51.86,0.218
peaksplit,313,L08_SNP_editing,hdr_het_del,hdr_with_indel,SNP,True,100.0,100.0,0.0,50.0,48.76,0.0,1.91,0.217
peaksplit,314,L08_SNP_editing,hdrindel_wt,hdr_with_indel,SNP,True,50.0,53.79,3.789999999999999,0.0,1.59,50.0,51.58,0.216
peaksplit,315,L08_SNP_editing,partial_near_hom,partial_conversion,SNP,True,100.0,51.33,-48.67,0.0,48.42,0.0,2.55,0.213
peaksplit,316,L08_SNP_editing,partial_far_het,partial_conversion,SNP,True,50.0,31.28,-18.72,0.0,29.37,0.0,1.23,0.187
peaksplit,317,L08_SNP_editing,partial_mix,partial_conversion,SNP,True,80.0,51.54,-28.46,20.0,50.24,0.0,1.01,0.164
peaksplit,318,L08_SNP_editing,het_del2,hom_or_het_small_indel,SNP,True,50.0,52.62,2.6199999999999974,0.0,0.58,50.0,50.79,0.384
peaksplit,319,L08_SNP_editing,hom_ins1,hom_or_het_small_indel,SNP,True,100.0,99.77,-0.23000000000000398,0.0,0.0,100.0,98.21,0.434
peaksplit,320,L08_SNP_editing,het_del8,hom_or_het_small_indel,SNP,True,50.0,56.82,6.82,0.0,5.11,50.0,51.4,0.213
peaksplit,321,L08_SNP_editing,mix1,mixed_alleles,SNP,True,70.0,70.34,0.3400000000000034,40.0,36.64,30.0,32.68,0.185
peaksplit,322,L08_SNP_editing,mix2,mixed_alleles,SNP,True,80.0,79.41,-0.5900000000000034,30.0,27.56,50.0,50.73,0.237
peaksplit,323,L08_SNP_editing,stress_hdr10,noisy,SNP,True,10.0,18.01,8.010000000000002,10.0,7.26,0.0,8.01,0.208
peaksplit,324,L08_SNP_editing,stress_hdr50,noisy,SNP,True,50.0,52.43,2.4299999999999997,50.0,43.55,0.0,6.91,0.205
peaksplit,325,L08_SNP_editing,hard_hdr25,noisy,SNP,True,25.0,34.55,9.549999999999997,25.0,17.53,0.0,15.04,0.195
peaksplit,326,L08_SNP_editing,hard_het_del2,noisy,SNP,True,50.0,57.37,7.369999999999997,0.0,0.0,50.0,53.69,0.193
peaksplit,327,L09_Exn20_SNP_editing,wt_rep1,wt,SNP,True,0.0,6.34,6.34,0.0,1.24,0.0,3.56,0.178
peaksplit,328,L09_Exn20_SNP_editing,wt_rep2,wt,SNP,True,0.0,6.97,6.97,0.0,1.73,0.0,3.56,0.144
peaksplit,329,L09_Exn20_SNP_editing,wt_rep3,wt,SNP,True,0.0,5.35,5.35,0.0,0.25,0.0,3.52,0.209
peaksplit,330,L09_Exn20_SNP_editing,hdr_f2,hdr_graded,SNP,True,2.0,2.73,0.73,2.0,2.66,0.0,0.0,0.19
peaksplit,331,L09_Exn20_SNP_editing,hdr_f5,hdr_graded,SNP,True,5.0,8.37,3.369999999999999,5.0,5.79,0.0,1.23,0.196
peaksplit,332,L09_Exn20_SNP_editing,hdr_f10,hdr_graded,SNP,True,10.0,13.33,3.33,10.0,13.3,0.0,0.0,0.196
peaksplit,333,L09_Exn20_SNP_editing,hdr_f25,hdr_graded,SNP,True,25.0,31.23,6.23,25.0,28.28,0.0,1.5,0.185
peaksplit,334,L09_Exn20_SNP_editing,hdr_f50,hdr_graded,SNP,True,50.0,59.97,9.969999999999999,50.0,54.59,0.0,4.09,0.177
peaksplit,335,L09_Exn20_SNP_editing,hdr_f75,hdr_graded,SNP,True,75.0,78.88,3.8799999999999955,75.0,78.77,0.0,0.0,0.171
peaksplit,336,L09_Exn20_SNP_editing,hdr_f100,hdr_graded,SNP,True,100.0,100.0,0.0,100.0,97.19,0.0,1.89,0.207
peaksplit,337,L09_Exn20_SNP_editing,hdr_het_ins,hdr_with_indel,SNP,True,100.0,100.0,0.0,50.0,46.61,50.0,51.61,0.195
peaksplit,338,L09_Exn20_SNP_editing,hdr_het_del,hdr_with_indel,SNP,True,100.0,100.0,0.0,50.0,48.83,0.0,1.01,0.2
peaksplit,339,L09_Exn20_SNP_editing,partial_near_hom,partial_conversion,SNP,True,100.0,37.01,-62.99,0.0,31.85,0.0,3.71,0.208
peaksplit,340,L09_Exn20_SNP_editing,partial_far_het,partial_conversion,SNP,True,50.0,42.82,-7.18,0.0,36.07,0.0,4.8,0.217
peaksplit,341,L09_Exn20_SNP_editing,partial_mix,partial_conversion,SNP,True,80.0,46.78,-33.22,20.0,42.97,0.0,2.47,0.178
peaksplit,342,L09_Exn20_SNP_editing,het_del2,hom_or_het_small_indel,SNP,True,50.0,56.07,6.07,0.0,5.25,50.0,50.47,0.2
peaksplit,343,L09_Exn20_SNP_editing,hom_ins1,hom_or_het_small_indel,SNP,True,100.0,100.0,0.0,0.0,0.0,100.0,99.98,0.195
peaksplit,344,L09_Exn20_SNP_editing,het_del8,hom_or_het_small_indel,SNP,True,50.0,54.08,4.079999999999998,0.0,3.39,50.0,50.29,0.207
peaksplit,345,L09_Exn20_SNP_editing,mix1,mixed_alleles,SNP,True,70.0,76.36,6.359999999999999,40.0,43.54,30.0,31.45,0.216
peaksplit,346,L09_Exn20_SNP_editing,mix2,mixed_alleles,SNP,True,80.0,85.79,5.790000000000006,30.0,33.67,50.0,50.24,0.169
peaksplit,347,L09_Exn20_SNP_editing,stress_hdr10,noisy,SNP,True,10.0,23.08,13.079999999999998,10.0,11.66,0.0,8.15,0.195
peaksplit,348,L09_Exn20_SNP_editing,stress_hdr50,noisy,SNP,True,50.0,67.78,17.78,50.0,57.17,0.0,7.43,0.178
peaksplit,349,L09_Exn20_SNP_editing,hard_hdr25,noisy,SNP,True,25.0,45.1,20.1,25.0,25.28,0.0,14.91,0.206
peaksplit,350,L09_Exn20_SNP_editing,hard_het_del2,noisy,SNP,True,50.0,68.28,18.28,0.0,9.06,50.0,53.28,0.233
peaksplit,351,L07_SNP_editing,wt_rep1,wt,SNP,True,0.0,14.45,14.45,0.0,7.78,0.0,5.01,0.318
peaksplit,352,L07_SNP_editing,wt_rep2,wt,SNP,True,0.0,0.01,0.01,0.0,0.0,0.0,0.0,0.366
peaksplit,353,L07_SNP_editing,wt_rep3,wt,SNP,True,0.0,5.72,5.72,0.0,0.26,0.0,4.56,0.412
peaksplit,354,L07_SNP_editing,hdr_f2,hdr_graded,SNP,True,2.0,4.83,2.83,2.0,2.09,0.0,1.64,0.423
peaksplit,355,L07_SNP_editing,hdr_f5,hdr_graded,SNP,True,5.0,10.06,5.0600000000000005,5.0,3.77,0.0,5.06,0.311
peaksplit,356,L07_SNP_editing,hdr_f10,hdr_graded,SNP,True,10.0,19.12,9.120000000000001,10.0,13.41,0.0,4.49,0.346
peaksplit,357,L07_SNP_editing,hdr_f25,hdr_graded,SNP,True,25.0,21.09,-3.91,25.0,21.04,0.0,0.0,0.398
peaksplit,358,L07_SNP_editing,hdr_f50,hdr_graded,SNP,True,50.0,45.1,-4.899999999999999,50.0,42.19,0.0,1.62,0.473
peaksplit,359,L07_SNP_editing,hdr_f75,hdr_graded,SNP,True,75.0,69.0,-6.0,75.0,65.33,0.0,2.69,0.378
peaksplit,360,L07_SNP_editing,hdr_f100,hdr_graded,SNP,True,100.0,97.27,-2.730000000000004,100.0,94.52,0.0,1.76,0.383
peaksplit,361,L07_SNP_editing,hdr_het_ins,hdr_with_indel,SNP,True,100.0,73.31,-26.689999999999998,50.0,22.09,50.0,50.54,0.369
peaksplit,362,L07_SNP_editing,hdr_het_del,hdr_with_indel,SNP,True,100.0,75.07,-24.930000000000007,50.0,22.48,0.0,2.61,0.349
peaksplit,363,L07_SNP_editing,hdrindel_wt,hdr_with_indel,SNP,True,50.0,72.61,22.61,0.0,21.66,50.0,50.71,0.324
peaksplit,364,L07_SNP_editing,het_del2,hom_or_het_small_indel,SNP,True,50.0,55.39,5.390000000000001,0.0,2.81,50.0,52.43,0.36
peaksplit,365,L07_SNP_editing,hom_ins1,hom_or_het_small_indel,SNP,True,100.0,100.0,0.0,0.0,0.0,100.0,98.69,0.317
peaksplit,366,L07_SNP_editing,het_del8,hom_or_het_small_indel,SNP,True,50.0,54.56,4.560000000000002,0.0,1.69,50.0,50.97,0.351
peaksplit,367,L07_SNP_editing,mix1,mixed_alleles,SNP,True,70.0,60.73,-9.270000000000003,40.0,26.59,30.0,33.27,0.35
peaksplit,368,L07_SNP_editing,mix2,mixed_alleles,SNP,True,80.0,68.33,-11.670000000000002,30.0,16.0,50.0,51.71,0.367
peaksplit,369,L07_SNP_editing,stress_hdr10,noisy,SNP,True,10.0,23.83,13.829999999999998,10.0,12.81,0.0,7.98,0.331
peaksplit,370,L07_SNP_editing,stress_hdr50,noisy,SNP,True,50.0,55.57,5.57,50.0,43.5,0.0,8.89,0.36
peaksplit,371,L07_SNP_editing,hard_hdr25,noisy,SNP,True,25.0,37.55,12.549999999999997,25.0,16.53,0.0,18.47,0.313
peaksplit,372,L07_SNP_editing,hard_het_del2,noisy,SNP,True,50.0,64.19,14.189999999999998,0.0,5.15,50.0,55.9,0.341
peaksplit,373,L10_SNP_editing,wt_rep1,wt,SNP,True,0.0,11.78,11.78,0.0,3.73,0.0,5.92,0.163
peaksplit,374,L10_SNP_editing,wt_rep2,wt,SNP,True,0.0,3.48,3.48,0.0,0.49,0.0,1.42,0.172
peaksplit,375,L10_SNP_editing,wt_rep3,wt,SNP,True,0.0,0.96,0.96,0.0,0.85,0.0,0.0,0.173
peaksplit,376,L10_SNP_editing,hdr_f2,hdr_graded,SNP,True,2.0,1.62,-0.3799999999999999,2.0,1.55,0.0,0.0,0.167
peaksplit,377,L10_SNP_editing,hdr_f5,hdr_graded,SNP,True,5.0,4.76,-0.2400000000000002,5.0,1.89,0.0,1.58,0.145
peaksplit,378,L10_SNP_editing,hdr_f10,hdr_graded,SNP,True,10.0,11.19,1.1899999999999995,10.0,7.95,0.0,1.73,0.167
peaksplit,379,L10_SNP_editing,hdr_f25,hdr_graded,SNP,True,25.0,21.31,-3.6900000000000013,25.0,18.06,0.0,1.75,0.143
peaksplit,380,L10_SNP_editing,hdr_f50,hdr_graded,SNP,True,50.0,45.43,-4.57,50.0,39.46,0.0,3.92,0.186
peaksplit,381,L10_SNP_editing,hdr_f75,hdr_graded,SNP,True,75.0,71.31,-3.6899999999999977,75.0,64.73,0.0,4.62,0.18
peaksplit,382,L10_SNP_editing,hdr_f100,hdr_graded,SNP,True,100.0,100.0,0.0,100.0,97.22,0.0,1.83,0.163
peaksplit,383,L10_SNP_editing,hdr_het_ins,hdr_with_indel,SNP,True,100.0,96.42,-3.5799999999999983,50.0,41.93,50.0,53.31,0.2
peaksplit,384,L10_SNP_editing,hdr_het_del,hdr_with_indel,SNP,True,100.0,87.6,-12.400000000000006,50.0,35.64,0.0,3.8,0.188
peaksplit,385,L10_SNP_editing,hdrindel_wt,hdr_with_indel,SNP,True,50.0,51.91,1.9099999999999966,0.0,0.0,50.0,51.62,0.148
peaksplit,386,L10_SNP_editing,partial_near_hom,partial_conversion,SNP,True,100.0,40.61,-59.39,0.0,38.05,0.0,1.7,0.164
peaksplit,387,L10_SNP_editing,partial_far_het,partial_conversion,SNP,True,50.0,28.49,-21.51,0.0,21.35,0.0,5.02,0.201
peaksplit,388,L10_SNP_editing,partial_mix,partial_conversion,SNP,True,80.0,39.01,-40.99,20.0,37.3,0.0,1.1,0.168
peaksplit,389,L10_SNP_editing,het_del2,hom_or_het_small_indel,SNP,True,50.0,52.3,2.299999999999997,0.0,0.0,50.0,50.98,0.17
peaksplit,390,L10_SNP_editing,hom_ins1,hom_or_het_small_indel,SNP,True,100.0,100.0,0.0,0.0,0.0,100.0,99.96,0.275
peaksplit,391,L10_SNP_editing,het_del8,hom_or_het_small_indel,SNP,True,50.0,57.21,7.210000000000001,0.0,2.95,50.0,50.97,0.261
peaksplit,392,L10_SNP_editing,mix1,mixed_alleles,SNP,True,70.0,64.9,-5.099999999999994,40.0,31.02,30.0,33.43,0.258
peaksplit,393,L10_SNP_editing,mix2,mixed_alleles,SNP,True,80.0,75.57,-4.430000000000007,30.0,22.59,50.0,51.58,0.288
peaksplit,394,L10_SNP_editing,stress_hdr10,noisy,SNP,True,10.0,18.67,8.670000000000002,10.0,8.82,0.0,7.7,0.407
peaksplit,395,L10_SNP_editing,stress_hdr50,noisy,SNP,True,50.0,49.95,-0.04999999999999716,50.0,39.88,0.0,6.68,0.309
peaksplit,396,L10_SNP_editing,hard_hdr25,noisy,SNP,True,25.0,34.2,9.200000000000003,25.0,14.1,0.0,14.31,0.192
peaksplit,397,L10_SNP_editing,hard_het_del2,noisy,SNP,True,50.0,60.0,10.0,0.0,0.0,50.0,55.4,0.141
traceedit,0,L05_SNP_editing,wt_rep1,wt,SNP,True,0.0,0.87,0.87,0.0,0.0,0.0,0.49,0.52
traceedit,1,L05_SNP_editing,wt_rep2,wt,SNP,True,0.0,0.02,0.02,0.0,0.0,0.0,0.01,0.2
traceedit,2,L05_SNP_editing,wt_rep3,wt,SNP,True,0.0,1.19,1.19,0.0,0.0,0.0,0.66,0.19
traceedit,3,L05_SNP_editing,hdr_f2,hdr_graded,SNP,True,2.0,2.88,0.8799999999999999,2.0,1.74,0.0,0.02,0.19
traceedit,4,L05_SNP_editing,hdr_f5,hdr_graded,SNP,True,5.0,5.54,0.54,5.0,3.41,0.0,0.01,0.18
traceedit,5,L05_SNP_editing,hdr_f10,hdr_graded,SNP,True,10.0,14.44,4.4399999999999995,10.0,6.97,0.0,0.93,0.18
traceedit,6,L05_SNP_editing,hdr_f25,hdr_graded,SNP,True,25.0,28.9,3.8999999999999986,25.0,21.17,0.0,1.28,0.17
traceedit,7,L05_SNP_editing,hdr_f50,hdr_graded,SNP,True,50.0,98.98,48.980000000000004,50.0,0.0,0.0,0.01,0.18
traceedit,8,L05_SNP_editing,hdr_f75,hdr_graded,SNP,True,75.0,79.71,4.709999999999994,75.0,67.26,0.0,0.48,0.17
traceedit,9,L05_SNP_editing,hdr_f100,hdr_graded,SNP,True,100.0,100.0,0.0,100.0,98.06,0.0,1.32,0.16
traceedit,10,L05_SNP_editing,hdr_het_ins,hdr_with_indel,SNP,True,100.0,100.0,0.0,50.0,44.79,50.0,49.44,0.17
traceedit,11,L05_SNP_editing,hdr_het_del,hdr_with_indel,SNP,True,100.0,100.0,0.0,50.0,44.95,0.0,1.27,0.18
traceedit,12,L05_SNP_editing,partial_near_hom,partial_conversion,SNP,True,100.0,99.96,-0.04000000000000625,0.0,0.0,0.0,1.11,0.2
traceedit,13,L05_SNP_editing,partial_far_het,partial_conversion,SNP,True,50.0,43.74,-6.259999999999998,0.0,0.0,0.0,0.01,0.2
traceedit,14,L05_SNP_editing,partial_mix,partial_conversion,SNP,True,80.0,100.0,20.0,20.0,0.27,0.0,1.53,0.18
traceedit,15,L05_SNP_editing,het_del2,hom_or_het_small_indel,SNP,True,50.0,51.57,1.5700000000000003,0.0,0.0,50.0,50.48,0.19
traceedit,16,L05_SNP_editing,hom_ins1,hom_or_het_small_indel,SNP,True,100.0,100.0,0.0,0.0,0.0,100.0,99.6,0.2
traceedit,17,L05_SNP_editing,het_del8,hom_or_het_small_indel,SNP,True,50.0,55.34,5.340000000000003,0.0,0.0,50.0,49.93,0.15
traceedit,18,L05_SNP_editing,mix1,mixed_alleles,SNP,True,70.0,100.0,30.0,40.0,1.65,30.0,30.58,0.17
traceedit,19,L05_SNP_editing,mix2,mixed_alleles,SNP,True,80.0,82.35,2.3499999999999943,30.0,28.82,50.0,50.27,0.2
traceedit,20,L05_SNP_editing,stress_hdr10,noisy,SNP,True,10.0,14.32,4.32,10.0,4.93,0.0,2.72,0.2
traceedit,21,L05_SNP_editing,stress_hdr50,noisy,SNP,True,50.0,100.0,50.0,50.0,2.21,0.0,2.62,0.15
traceedit,22,L05_SNP_editing,hard_hdr25,noisy,SNP,True,25.0,33.0,8.0,25.0,18.68,0.0,5.09,0.18
traceedit,23,L05_SNP_editing,hard_het_del2,noisy,SNP,True,50.0,56.72,6.719999999999999,0.0,0.0,50.0,52.12,0.21
traceedit,24,L10_SNP_editing,wt_rep1,wt,SNP,True,0.0,3.93,3.93,0.0,0.0,0.0,1.28,0.15
traceedit,25,L10_SNP_editing,wt_rep2,wt,SNP,True,0.0,1.35,1.35,0.0,0.0,0.0,0.65,0.18
traceedit,26,L10_SNP_editing,wt_rep3,wt,SNP,True,0.0,1.51,1.51,0.0,0.0,0.0,0.42,0.17
traceedit,27,L10_SNP_editing,hdr_f2,hdr_graded,SNP,True,2.0,1.45,-0.55,2.0,0.17,0.0,0.04,0.13
traceedit,28,L10_SNP_editing,hdr_f5,hdr_graded,SNP,True,5.0,6.16,1.1600000000000001,5.0,3.92,0.0,1.26,0.15
traceedit,29,L10_SNP_editing,hdr_f10,hdr_graded,SNP,True,10.0,10.37,0.3699999999999992,10.0,6.78,0.0,0.52,0.15
traceedit,30,L10_SNP_editing,hdr_f25,hdr_graded,SNP,True,25.0,22.85,-2.1499999999999986,25.0,18.55,0.0,0.02,0.19
traceedit,31,L10_SNP_editing,hdr_f50,hdr_graded,SNP,True,50.0,80.02,30.019999999999996,50.0,0.0,0.0,0.76,0.17
traceedit,32,L10_SNP_editing,hdr_f75,hdr_graded,SNP,True,75.0,68.59,-6.409999999999997,75.0,66.07,0.0,1.35,0.17
traceedit,33,L10_SNP_editing,hdr_f100,hdr_graded,SNP,True,100.0,100.0,0.0,100.0,98.54,0.0,0.97,0.15
traceedit,34,L10_SNP_editing,hdr_het_ins,hdr_with_indel,SNP,True,100.0,99.55,-0.45000000000000284,50.0,36.03,50.0,51.26,0.14
traceedit,35,L10_SNP_editing,hdr_het_del,hdr_with_indel,SNP,True,100.0,88.87,-11.129999999999995,50.0,36.57,0.0,1.17,0.17
traceedit,36,L10_SNP_editing,hdrindel_wt,hdr_with_indel,SNP,True,50.0,89.33,39.33,0.0,0.0,50.0,50.9,0.18
traceedit,37,L10_SNP_editing,partial_near_hom,partial_conversion,SNP,True,100.0,99.01,-0.9899999999999949,0.0,0.0,0.0,0.82,0.2
traceedit,38,L10_SNP_editing,partial_far_het,partial_conversion,SNP,True,50.0,40.97,-9.030000000000001,0.0,0.02,0.0,1.77,0.17
traceedit,39,L10_SNP_editing,partial_mix,partial_conversion,SNP,True,80.0,92.84,12.840000000000003,20.0,0.0,0.0,1.58,0.15
traceedit,40,L10_SNP_editing,het_del2,hom_or_het_small_indel,SNP,True,50.0,50.84,0.8400000000000034,0.0,0.0,50.0,50.05,0.15
traceedit,41,L10_SNP_editing,hom_ins1,hom_or_het_small_indel,SNP,True,100.0,100.0,0.0,0.0,0.0,100.0,99.65,0.15
traceedit,42,L10_SNP_editing,het_del8,hom_or_het_small_indel,SNP,True,50.0,52.28,2.280000000000001,0.0,0.0,50.0,50.5,0.16
traceedit,43,L10_SNP_editing,mix1,mixed_alleles,SNP,True,70.0,93.35,23.349999999999994,40.0,0.0,30.0,31.21,0.14
traceedit,44,L10_SNP_editing,mix2,mixed_alleles,SNP,True,80.0,97.55,17.549999999999997,30.0,0.0,50.0,51.8,0.17
traceedit,45,L10_SNP_editing,stress_hdr10,noisy,SNP,True,10.0,10.98,0.9800000000000004,10.0,4.25,0.0,2.46,0.15
traceedit,46,L10_SNP_editing,stress_hdr50,noisy,SNP,True,50.0,88.81,38.81,50.0,0.0,0.0,1.85,0.2
traceedit,47,L10_SNP_editing,hard_hdr25,noisy,SNP,True,25.0,30.88,5.879999999999999,25.0,16.93,0.0,5.0,0.18
traceedit,48,L10_SNP_editing,hard_het_del2,noisy,SNP,True,50.0,57.86,7.859999999999999,0.0,0.0,50.0,49.96,0.17
traceedit,49,L02_KO_SNP_editing,wt_rep1,wt,KO,True,0.0,2.21,2.21,,,0.0,1.68,0.4
traceedit,50,L02_KO_SNP_editing,wt_rep2,wt,KO,True,0.0,1.2,1.2,,,0.0,0.82,0.4
traceedit,51,L02_KO_SNP_editing,wt_rep3,wt,KO,True,0.0,0.02,0.02,,,0.0,0.01,0.35
traceedit,52,L02_KO_SNP_editing,het_del1,hom_or_het_small_indel,KO,True,50.0,51.0,1.0,,,50.0,50.92,0.35
traceedit,53,L02_KO_SNP_editing,het_del2,hom_or_het_small_indel,KO,True,50.0,50.27,0.2700000000000031,,,50.0,49.48,0.42
traceedit,54,L02_KO_SNP_editing,het_del4,hom_or_het_small_indel,KO,True,50.0,52.94,2.9399999999999977,,,50.0,52.59,0.4
traceedit,55,L02_KO_SNP_editing,hom_del1,hom_or_het_small_indel,KO,True,100.0,100.0,0.0,,,100.0,99.82,0.42
traceedit,56,L02_KO_SNP_editing,het_ins1,hom_or_het_small_indel,KO,True,50.0,51.38,1.3800000000000026,,,50.0,51.15,0.38
traceedit,57,L02_KO_SNP_editing,hom_ins1,hom_or_het_small_indel,KO,True,100.0,100.0,0.0,,,100.0,100.0,0.36
traceedit,58,L02_KO_SNP_editing,het_ins6,hom_or_het_small_indel,KO,True,50.0,54.44,4.439999999999998,,,0.0,34.95,0.43
traceedit,59,L02_KO_SNP_editing,cmp_del3_ins1,compound_het,KO,True,100.0,100.0,0.0,,,50.0,48.79,0.39
traceedit,60,L02_KO_SNP_editing,between_f2,two_cut_graded,KO,True,2.0,4.24,2.24,,,2.0,2.01,0.35
traceedit,61,L02_KO_SNP_editing,between_f5,two_cut_graded,KO,True,5.0,6.3,1.2999999999999998,,,5.0,0.99,0.33
traceedit,62,L02_KO_SNP_editing,between_f10,two_cut_graded,KO,True,10.0,13.58,3.58,,,10.0,3.33,0.33
traceedit,63,L02_KO_SNP_editing,between_f25,two_cut_graded,KO,True,25.0,28.0,3.0,,,25.0,2.64,0.35
traceedit,64,L02_KO_SNP_editing,between_f50,two_cut_graded,KO,True,50.0,52.62,2.6199999999999974,,,50.0,3.11,0.37
traceedit,65,L02_KO_SNP_editing,between_f75,two_cut_graded,KO,True,75.0,76.32,1.3199999999999932,,,75.0,2.96,0.39
traceedit,66,L02_KO_SNP_editing,between_f100,two_cut_graded,KO,True,100.0,100.0,0.0,,,100.0,0.1,0.32
traceedit,67,L02_KO_SNP_editing,between_jit_hom,two_cut_junction_shift,KO,True,100.0,100.0,0.0,,,100.0,0.05,0.34
traceedit,68,L02_KO_SNP_editing,between_jit_het,two_cut_junction_shift,KO,True,50.0,53.09,3.0900000000000034,,,50.0,3.91,0.35
traceedit,69,L02_KO_SNP_editing,large_del40_het,large_deletion,KO,True,50.0,53.77,3.770000000000003,,,50.0,53.11,0.39
traceedit,70,L02_KO_SNP_editing,large_del80_het,large_deletion,KO,False,50.0,,,,,50.0,,0.17
traceedit,71,L02_KO_SNP_editing,between_ins,two_cut_plus_indel,KO,True,100.0,100.0,0.0,,,100.0,48.04,0.4
traceedit,72,L02_KO_SNP_editing,between_del_wt,two_cut_plus_indel,KO,True,70.0,71.79,1.7900000000000063,,,70.0,30.58,0.35
traceedit,73,L02_KO_SNP_editing,pool2,pool,KO,True,90.559,91.69,1.1310000000000002,,,90.559,65.11,0.33
traceedit,74,L02_KO_SNP_editing,lod_ins1_f2,low_fraction_indel,KO,True,2.0,4.01,2.01,,,2.0,2.74,0.4
traceedit,75,L02_KO_SNP_editing,lod_ins1_f5,low_fraction_indel,KO,True,5.0,6.84,1.8399999999999999,,,5.0,6.47,0.48
traceedit,76,L02_KO_SNP_editing,lod_ins1_f10,low_fraction_indel,KO,True,10.0,11.69,1.6899999999999995,,,10.0,11.69,0.45
traceedit,77,L02_KO_SNP_editing,hard_between25,noisy,KO,True,25.0,31.26,6.260000000000002,,,25.0,4.79,0.45
traceedit,78,L02_KO_SNP_editing,hard_het_del2,noisy,KO,True,50.0,52.73,2.729999999999997,,,50.0,51.05,0.43
traceedit,79,L03_KO_SNP_editing,wt_rep1,wt,KO,True,0.0,1.6,1.6,,,0.0,0.97,0.4
traceedit,80,L03_KO_SNP_editing,wt_rep2,wt,KO,True,0.0,0.9,0.9,,,0.0,0.72,0.39
traceedit,81,L03_KO_SNP_editing,wt_rep3,wt,KO,True,0.0,0.78,0.78,,,0.0,0.44,0.36
traceedit,82,L03_KO_SNP_editing,het_del1,hom_or_het_small_indel,KO,True,50.0,51.14,1.1400000000000006,,,50.0,50.82,0.32
traceedit,83,L03_KO_SNP_editing,het_del2,hom_or_het_small_indel,KO,True,50.0,51.88,1.8800000000000026,,,50.0,50.14,0.33
traceedit,84,L03_KO_SNP_editing,het_del4,hom_or_het_small_indel,KO,True,50.0,50.49,0.490000000000002,,,50.0,49.23,0.35
traceedit,85,L03_KO_SNP_editing,het_del7,hom_or_het_small_indel,KO,True,50.0,50.7,0.7000000000000028,,,50.0,50.33,0.33
traceedit,86,L03_KO_SNP_editing,hom_del1,hom_or_het_small_indel,KO,True,100.0,100.0,0.0,,,100.0,99.64,0.38
traceedit,87,L03_KO_SNP_editing,hom_del5,hom_or_het_small_indel,KO,True,100.0,100.0,0.0,,,100.0,100.0,0.35
traceedit,88,L03_KO_SNP_editing,het_ins1,hom_or_het_small_indel,KO,True,50.0,51.88,1.8800000000000026,,,50.0,51.11,0.33
traceedit,89,L03_KO_SNP_editing,hom_ins1,hom_or_het_small_indel,KO,True,100.0,100.0,0.0,,,100.0,100.0,0.3
traceedit,90,L03_KO_SNP_editing,het_ins6,hom_or_het_small_indel,KO,True,50.0,54.18,4.18,,,0.0,26.11,0.35
traceedit,91,L03_KO_SNP_editing,cmp_del3_ins1,compound_het,KO,True,100.0,100.0,0.0,,,50.0,51.2,0.39
traceedit,92,L03_KO_SNP_editing,cmp_del11_del5,compound_het,KO,True,100.0,100.0,0.0,,,100.0,98.96,0.37
traceedit,93,L03_KO_SNP_editing,between_f2,two_cut_graded,KO,True,2.0,3.52,1.52,,,2.0,1.38,0.33
traceedit,94,L03_KO_SNP_editing,between_f5,two_cut_graded,KO,True,5.0,5.58,0.5800000000000001,,,5.0,0.46,0.34
traceedit,95,L03_KO_SNP_editing,between_f10,two_cut_graded,KO,True,10.0,11.97,1.9700000000000006,,,10.0,1.78,0.33
traceedit,96,L03_KO_SNP_editing,between_f25,two_cut_graded,KO,True,25.0,27.59,2.59,,,25.0,2.34,0.32
traceedit,97,L03_KO_SNP_editing,between_f50,two_cut_graded,KO,True,50.0,51.84,1.8400000000000034,,,50.0,2.73,0.33
traceedit,98,L03_KO_SNP_editing,between_f75,two_cut_graded,KO,True,75.0,75.34,0.3400000000000034,,,75.0,1.55,0.35
traceedit,99,L03_KO_SNP_editing,between_f100,two_cut_graded,KO,True,100.0,100.0,0.0,,,100.0,0.0,0.3
traceedit,100,L03_KO_SNP_editing,between_jit_hom,two_cut_junction_shift,KO,True,100.0,100.0,0.0,,,100.0,0.46,0.35
traceedit,101,L03_KO_SNP_editing,between_jit_het,two_cut_junction_shift,KO,True,50.0,51.54,1.5399999999999991,,,50.0,2.54,0.38
traceedit,102,L03_KO_SNP_editing,large_del40_het,large_deletion,KO,True,50.0,50.82,0.8200000000000003,,,50.0,49.79,0.38
traceedit,103,L03_KO_SNP_editing,large_del80_het,large_deletion,KO,False,50.0,,,,,50.0,,0.17
traceedit,104,L03_KO_SNP_editing,large_del150_het,large_deletion,KO,False,50.0,,,,,50.0,,0.18
traceedit,105,L03_KO_SNP_editing,large_del80_hom,large_deletion,KO,False,100.0,,,,,100.0,,0.2
traceedit,106,L03_KO_SNP_editing,between_ins,two_cut_plus_indel,KO,True,100.0,100.0,0.0,,,100.0,51.86,0.33
traceedit,107,L03_KO_SNP_editing,between_del_wt,two_cut_plus_indel,KO,True,70.0,71.18,1.1800000000000068,,,70.0,31.78,0.37
traceedit,108,L03_KO_SNP_editing,pool1,pool,KO,True,76.805,76.52,-0.2850000000000108,,,68.913,48.12,0.3
traceedit,109,L03_KO_SNP_editing,pool2,pool,KO,True,85.495,86.21,0.7149999999999892,,,35.488,23.63,0.41
traceedit,110,L03_KO_SNP_editing,lod_ins1_f2,low_fraction_indel,KO,True,2.0,2.97,0.9700000000000002,,,2.0,2.59,0.48
traceedit,111,L03_KO_SNP_editing,lod_ins1_f5,low_fraction_indel,KO,True,5.0,5.79,0.79,,,5.0,5.69,0.37
traceedit,112,L03_KO_SNP_editing,lod_ins1_f10,low_fraction_indel,KO,True,10.0,11.92,1.92,,,10.0,11.58,0.46
traceedit,113,L03_KO_SNP_editing,hard_between25,noisy,KO,True,25.0,28.77,3.7699999999999996,,,25.0,3.37,0.43
traceedit,114,L03_KO_SNP_editing,hard_het_del2,noisy,KO,True,50.0,55.28,5.280000000000001,,,50.0,53.24,0.45
traceedit,115,L01_KO_SNP_editing,wt_rep1,wt,KO,True,0.0,0.84,0.84,,,0.0,0.48,0.63
traceedit,116,L01_KO_SNP_editing,wt_rep2,wt,KO,True,0.0,0.1,0.1,,,0.0,0.1,0.72
traceedit,117,L01_KO_SNP_editing,wt_rep3,wt,KO,True,0.0,1.61,1.61,,,0.0,1.13,0.57
traceedit,118,L01_KO_SNP_editing,het_del1,hom_or_het_small_indel,KO,True,50.0,51.73,1.7299999999999969,,,50.0,51.11,0.5
traceedit,119,L01_KO_SNP_editing,het_del2,hom_or_het_small_indel,KO,True,50.0,51.21,1.2100000000000009,,,50.0,50.1,0.43
traceedit,120,L01_KO_SNP_editing,het_del4,hom_or_het_small_indel,KO,True,50.0,51.2,1.2000000000000028,,,50.0,51.09,0.43
traceedit,121,L01_KO_SNP_editing,het_del7,hom_or_het_small_indel,KO,True,50.0,50.54,0.5399999999999991,,,50.0,50.26,0.6
traceedit,122,L01_KO_SNP_editing,hom_del1,hom_or_het_small_indel,KO,True,100.0,100.0,0.0,,,100.0,99.95,0.55
traceedit,123,L01_KO_SNP_editing,hom_del5,hom_or_het_small_indel,KO,True,100.0,100.0,0.0,,,100.0,99.76,0.54
traceedit,124,L01_KO_SNP_editing,het_ins1,hom_or_het_small_indel,KO,True,50.0,49.72,-0.28000000000000114,,,50.0,49.45,0.45
traceedit,125,L01_KO_SNP_editing,hom_ins1,hom_or_het_small_indel,KO,True,100.0,100.0,0.0,,,100.0,99.34,0.51
traceedit,126,L01_KO_SNP_editing,het_ins6,hom_or_het_small_indel,KO,True,50.0,54.4,4.399999999999999,,,0.0,37.3,0.56
traceedit,127,L01_KO_SNP_editing,cmp_del3_ins1,compound_het,KO,True,100.0,100.0,0.0,,,50.0,49.78,0.45
traceedit,128,L01_KO_SNP_editing,cmp_del11_del5,compound_het,KO,True,100.0,100.0,0.0,,,100.0,99.63,0.46
traceedit,129,L01_KO_SNP_editing,between_f2,two_cut_graded,KO,True,2.0,2.14,0.14000000000000012,,,2.0,2.08,0.45
traceedit,130,L01_KO_SNP_editing,between_f5,two_cut_graded,KO,True,5.0,5.31,0.3099999999999996,,,5.0,5.2,0.44
traceedit,131,L01_KO_SNP_editing,between_f10,two_cut_graded,KO,True,10.0,10.86,0.8599999999999994,,,10.0,10.6,0.45
traceedit,132,L01_KO_SNP_editing,between_f25,two_cut_graded,KO,True,25.0,25.67,0.6700000000000017,,,25.0,25.46,0.42
traceedit,133,L01_KO_SNP_editing,between_f50,two_cut_graded,KO,True,50.0,50.57,0.5700000000000003,,,50.0,50.24,0.45
traceedit,134,L01_KO_SNP_editing,between_f75,two_cut_graded,KO,True,75.0,75.04,0.04000000000000625,,,75.0,74.6,0.38
traceedit,135,L01_KO_SNP_editing,between_f100,two_cut_graded,KO,True,100.0,100.0,0.0,,,100.0,99.32,0.45
traceedit,136,L01_KO_SNP_editing,between_jit_hom,two_cut_junction_shift,KO,True,100.0,100.0,0.0,,,100.0,99.97,0.35
traceedit,137,L01_KO_SNP_editing,between_jit_het,two_cut_junction_shift,KO,True,50.0,51.13,1.1300000000000026,,,50.0,50.3,0.38
traceedit,138,L01_KO_SNP_editing,large_del40_het,large_deletion,KO,True,50.0,50.96,0.9600000000000009,,,50.0,50.91,0.48
traceedit,139,L01_KO_SNP_editing,large_del80_het,large_deletion,KO,False,50.0,,,,,50.0,,0.17
traceedit,140,L01_KO_SNP_editing,large_del150_het,large_deletion,KO,False,50.0,,,,,50.0,,0.13
traceedit,141,L01_KO_SNP_editing,large_del80_hom,large_deletion,KO,True,100.0,100.0,0.0,,,100.0,63.31,0.5
traceedit,142,L01_KO_SNP_editing,between_ins,two_cut_plus_indel,KO,True,100.0,100.0,0.0,,,100.0,98.87,0.54
traceedit,143,L01_KO_SNP_editing,between_del_wt,two_cut_plus_indel,KO,True,70.0,70.77,0.769999999999996,,,70.0,70.1,0.63
traceedit,144,L01_KO_SNP_editing,pool1,pool,KO,True,91.43,92.81,1.3799999999999955,,,80.523,70.14,0.65
traceedit,145,L01_KO_SNP_editing,pool2,pool,KO,True,69.438,69.02,-0.41800000000000637,,,57.132,55.63,0.63
traceedit,146,L01_KO_SNP_editing,lod_ins1_f2,low_fraction_indel,KO,True,2.0,2.09,0.08999999999999986,,,2.0,2.09,0.53
traceedit,147,L01_KO_SNP_editing,lod_ins1_f5,low_fraction_indel,KO,True,5.0,5.91,0.9100000000000001,,,5.0,5.76,0.64
traceedit,148,L01_KO_SNP_editing,lod_ins1_f10,low_fraction_indel,KO,True,10.0,11.06,1.0600000000000005,,,10.0,10.76,0.63
traceedit,149,L01_KO_SNP_editing,hard_between25,noisy,KO,True,25.0,29.25,4.25,,,25.0,28.42,0.65
traceedit,150,L01_KO_SNP_editing,hard_het_del2,noisy,KO,True,50.0,53.44,3.4399999999999977,,,50.0,52.34,0.48
traceedit,151,L04_KO_SNP_editing,wt_rep1,wt,KO,True,0.0,0.94,0.94,,,0.0,0.72,0.32
traceedit,152,L04_KO_SNP_editing,wt_rep2,wt,KO,True,0.0,1.6,1.6,,,0.0,0.94,0.38
traceedit,153,L04_KO_SNP_editing,wt_rep3,wt,KO,True,0.0,0.84,0.84,,,0.0,0.67,0.44
traceedit,154,L04_KO_SNP_editing,het_del1,hom_or_het_small_indel,KO,True,50.0,51.64,1.6400000000000006,,,50.0,50.73,0.32
traceedit,155,L04_KO_SNP_editing,het_del2,hom_or_het_small_indel,KO,True,50.0,51.34,1.3400000000000034,,,50.0,49.67,0.5
traceedit,156,L04_KO_SNP_editing,het_del4,hom_or_het_small_indel,KO,True,50.0,51.78,1.7800000000000011,,,50.0,51.54,0.32
traceedit,157,L04_KO_SNP_editing,het_del7,hom_or_het_small_indel,KO,True,50.0,51.88,1.8800000000000026,,,50.0,51.43,0.37
traceedit,158,L04_KO_SNP_editing,hom_del1,hom_or_het_small_indel,KO,True,100.0,99.99,-0.010000000000005116,,,100.0,99.56,0.46
traceedit,159,L04_KO_SNP_editing,hom_del5,hom_or_het_small_indel,KO,True,100.0,99.93,-0.06999999999999318,,,100.0,99.52,0.4
traceedit,160,L04_KO_SNP_editing,het_ins1,hom_or_het_small_indel,KO,True,50.0,50.7,0.7000000000000028,,,50.0,49.94,0.37
traceedit,161,L04_KO_SNP_editing,hom_ins1,hom_or_het_small_indel,KO,True,100.0,100.0,0.0,,,100.0,99.07,0.32
traceedit,162,L04_KO_SNP_editing,het_ins6,hom_or_het_small_indel,KO,True,50.0,55.39,5.390000000000001,,,0.0,30.57,0.44
traceedit,163,L04_KO_SNP_editing,cmp_del3_ins1,compound_het,KO,True,100.0,100.0,0.0,,,50.0,50.02,0.37
traceedit,164,L04_KO_SNP_editing,cmp_del11_del5,compound_het,KO,True,100.0,100.0,0.0,,,100.0,99.36,0.37
traceedit,165,L04_KO_SNP_editing,between_f2,two_cut_graded,KO,True,2.0,2.98,0.98,,,2.0,0.69,0.43
traceedit,166,L04_KO_SNP_editing,between_f5,two_cut_graded,KO,True,5.0,6.47,1.4699999999999998,,,5.0,1.53,0.34
traceedit,167,L04_KO_SNP_editing,between_f10,two_cut_graded,KO,True,10.0,11.06,1.0600000000000005,,,10.0,0.58,0.38
traceedit,168,L04_KO_SNP_editing,between_f25,two_cut_graded,KO,True,25.0,26.77,1.7699999999999996,,,25.0,1.4,0.35
traceedit,169,L04_KO_SNP_editing,between_f50,two_cut_graded,KO,True,50.0,50.74,0.740000000000002,,,50.0,0.93,0.3
traceedit,170,L04_KO_SNP_editing,between_f75,two_cut_graded,KO,True,75.0,75.09,0.09000000000000341,,,75.0,0.87,0.28
traceedit,171,L04_KO_SNP_editing,between_f100,two_cut_graded,KO,True,100.0,100.0,0.0,,,100.0,0.01,0.25
traceedit,172,L04_KO_SNP_editing,between_jit_hom,two_cut_junction_shift,KO,True,100.0,100.0,0.0,,,100.0,0.56,0.32
traceedit,173,L04_KO_SNP_editing,between_jit_het,two_cut_junction_shift,KO,True,50.0,51.96,1.9600000000000009,,,50.0,2.08,0.3
traceedit,174,L04_KO_SNP_editing,large_del40_het,large_deletion,KO,True,50.0,50.76,0.759999999999998,,,50.0,50.35,0.28
traceedit,175,L04_KO_SNP_editing,large_del80_het,large_deletion,KO,False,50.0,,,,,50.0,,0.07
traceedit,176,L04_KO_SNP_editing,large_del150_het,large_deletion,KO,False,50.0,,,,,50.0,,0.06
traceedit,177,L04_KO_SNP_editing,large_del80_hom,large_deletion,KO,True,100.0,100.0,0.0,,,100.0,79.09,0.23
traceedit,178,L04_KO_SNP_editing,between_ins,two_cut_plus_indel,KO,True,100.0,100.0,0.0,,,100.0,49.74,0.28
traceedit,179,L04_KO_SNP_editing,between_del_wt,two_cut_plus_indel,KO,True,70.0,71.0,1.0,,,70.0,31.39,0.27
traceedit,180,L04_KO_SNP_editing,pool1,pool,KO,True,90.454,91.13,0.6760000000000019,,,31.895,39.28,0.32
traceedit,181,L04_KO_SNP_editing,pool2,pool,KO,True,88.848,88.5,-0.347999999999999,,,81.018,53.85,0.33
traceedit,182,L04_KO_SNP_editing,lod_ins1_f2,low_fraction_indel,KO,True,2.0,3.79,1.79,,,2.0,2.9,0.34
traceedit,183,L04_KO_SNP_editing,lod_ins1_f5,low_fraction_indel,KO,True,5.0,5.9,0.9000000000000004,,,5.0,5.58,0.35
traceedit,184,L04_KO_SNP_editing,lod_ins1_f10,low_fraction_indel,KO,True,10.0,10.62,0.6199999999999992,,,10.0,10.41,0.35
traceedit,185,L04_KO_SNP_editing,hard_between25,noisy,KO,True,25.0,30.63,5.629999999999999,,,25.0,5.21,0.38
traceedit,186,L04_KO_SNP_editing,hard_het_del2,noisy,KO,True,50.0,54.29,4.289999999999999,,,50.0,51.72,0.35
traceedit,187,L06_KO_SNP_editing,wt_rep1,wt,KO,True,0.0,1.9,1.9,,,0.0,1.43,0.4
traceedit,188,L06_KO_SNP_editing,wt_rep2,wt,KO,True,0.0,1.09,1.09,,,0.0,0.69,0.5
traceedit,189,L06_KO_SNP_editing,wt_rep3,wt,KO,True,0.0,0.99,0.99,,,0.0,0.73,0.4
traceedit,190,L06_KO_SNP_editing,het_del1,hom_or_het_small_indel,KO,True,50.0,50.08,0.0799999999999983,,,50.0,48.87,0.38
traceedit,191,L06_KO_SNP_editing,het_del2,hom_or_het_small_indel,KO,True,50.0,51.46,1.4600000000000009,,,50.0,51.46,0.33
traceedit,192,L06_KO_SNP_editing,het_del4,hom_or_het_small_indel,KO,True,50.0,51.51,1.509999999999998,,,50.0,50.3,0.32
traceedit,193,L06_KO_SNP_editing,het_del7,hom_or_het_small_indel,KO,True,50.0,49.9,-0.10000000000000142,,,50.0,49.51,0.35
traceedit,194,L06_KO_SNP_editing,hom_del1,hom_or_het_small_indel,KO,True,100.0,100.0,0.0,,,100.0,100.0,0.38
traceedit,195,L06_KO_SNP_editing,hom_del5,hom_or_het_small_indel,KO,True,100.0,100.0,0.0,,,100.0,99.66,0.35
traceedit,196,L06_KO_SNP_editing,het_ins1,hom_or_het_small_indel,KO,True,50.0,52.14,2.1400000000000006,,,50.0,51.67,0.32
traceedit,197,L06_KO_SNP_editing,hom_ins1,hom_or_het_small_indel,KO,True,100.0,100.0,0.0,,,100.0,99.21,0.35
traceedit,198,L06_KO_SNP_editing,het_ins6,hom_or_het_small_indel,KO,True,50.0,47.88,-2.1199999999999974,,,0.0,34.52,0.32
traceedit,199,L06_KO_SNP_editing,cmp_del3_ins1,compound_het,KO,True,100.0,100.0,0.0,,,50.0,50.88,0.37
traceedit,200,L06_KO_SNP_editing,cmp_del11_del5,compound_het,KO,True,100.0,100.0,0.0,,,100.0,99.44,0.31
traceedit,201,L06_KO_SNP_editing,between_f2,two_cut_graded,KO,True,2.0,2.24,0.2400000000000002,,,2.0,0.11,0.31
traceedit,202,L06_KO_SNP_editing,between_f5,two_cut_graded,KO,True,5.0,6.11,1.1100000000000003,,,5.0,0.65,0.31
traceedit,203,L06_KO_SNP_editing,between_f10,two_cut_graded,KO,True,10.0,10.87,0.8699999999999992,,,10.0,0.4,0.32
traceedit,204,L06_KO_SNP_editing,between_f25,two_cut_graded,KO,True,25.0,26.57,1.5700000000000003,,,25.0,1.09,0.35
traceedit,205,L06_KO_SNP_editing,between_f50,two_cut_graded,KO,True,50.0,51.76,1.759999999999998,,,50.0,2.04,0.37
traceedit,206,L06_KO_SNP_editing,between_f75,two_cut_graded,KO,True,75.0,75.34,0.3400000000000034,,,75.0,1.35,0.3
traceedit,207,L06_KO_SNP_editing,between_f100,two_cut_graded,KO,True,100.0,100.0,0.0,,,100.0,1.09,0.33
traceedit,208,L06_KO_SNP_editing,between_jit_hom,two_cut_junction_shift,KO,True,100.0,100.0,0.0,,,0.0,0.67,0.33
traceedit,209,L06_KO_SNP_editing,between_jit_het,two_cut_junction_shift,KO,True,50.0,50.89,0.8900000000000006,,,0.0,0.83,0.32
traceedit,210,L06_KO_SNP_editing,large_del40_het,large_deletion,KO,True,50.0,50.89,0.8900000000000006,,,50.0,50.89,0.3
traceedit,211,L06_KO_SNP_editing,large_del80_het,large_deletion,KO,True,50.0,47.99,-2.009999999999998,,,50.0,31.85,0.3
traceedit,212,L06_KO_SNP_editing,large_del150_het,large_deletion,KO,False,50.0,,,,,50.0,,0.16
traceedit,213,L06_KO_SNP_editing,large_del80_hom,large_deletion,KO,True,100.0,97.47,-2.530000000000001,,,100.0,65.93,0.23
traceedit,214,L06_KO_SNP_editing,between_ins,two_cut_plus_indel,KO,True,100.0,100.0,0.0,,,100.0,51.79,0.32
traceedit,215,L06_KO_SNP_editing,between_del_wt,two_cut_plus_indel,KO,True,70.0,70.99,0.9899999999999949,,,70.0,32.38,0.33
traceedit,216,L06_KO_SNP_editing,pool1,pool,KO,True,81.327,81.2,-0.12699999999999534,,,62.174,45.6,0.33
traceedit,217,L06_KO_SNP_editing,pool2,pool,KO,True,98.921,98.71,-0.21100000000001273,,,98.921,83.21,0.33
traceedit,218,L06_KO_SNP_editing,lod_ins1_f2,low_fraction_indel,KO,True,2.0,2.36,0.3599999999999999,,,2.0,2.32,0.33
traceedit,219,L06_KO_SNP_editing,lod_ins1_f5,low_fraction_indel,KO,True,5.0,7.09,2.09,,,5.0,6.61,0.34
traceedit,220,L06_KO_SNP_editing,lod_ins1_f10,low_fraction_indel,KO,True,10.0,11.3,1.3000000000000007,,,10.0,11.29,0.3
traceedit,221,L06_KO_SNP_editing,hard_between25,noisy,KO,True,25.0,30.64,5.640000000000001,,,25.0,5.24,0.33
traceedit,222,L06_KO_SNP_editing,hard_het_del2,noisy,KO,True,50.0,53.26,3.259999999999998,,,50.0,52.58,0.32
traceedit,223,L07_SNP_editing,wt_rep1,wt,SNP,True,0.0,1.31,1.31,0.0,0.16,0.0,0.84,0.24
traceedit,224,L07_SNP_editing,wt_rep2,wt,SNP,True,0.0,1.7,1.7,0.0,0.62,0.0,0.77,0.25
traceedit,225,L07_SNP_editing,wt_rep3,wt,SNP,True,0.0,1.6,1.6,0.0,0.7,0.0,0.65,0.24
traceedit,226,L07_SNP_editing,hdr_f2,hdr_graded,SNP,True,2.0,4.55,2.55,2.0,2.43,0.0,1.61,0.25
traceedit,227,L07_SNP_editing,hdr_f5,hdr_graded,SNP,True,5.0,7.02,2.0199999999999996,5.0,4.92,0.0,1.51,0.23
traceedit,228,L07_SNP_editing,hdr_f10,hdr_graded,SNP,True,10.0,14.57,4.57,10.0,12.6,0.0,1.43,0.22
traceedit,229,L07_SNP_editing,hdr_f25,hdr_graded,SNP,True,25.0,26.81,1.8099999999999987,25.0,26.81,0.0,0.0,0.22
traceedit,230,L07_SNP_editing,hdr_f50,hdr_graded,SNP,True,50.0,49.36,-0.6400000000000006,50.0,48.31,0.0,0.6,0.22
traceedit,231,L07_SNP_editing,hdr_f75,hdr_graded,SNP,True,75.0,75.92,0.9200000000000017,75.0,75.92,0.0,0.0,0.23
traceedit,232,L07_SNP_editing,hdr_f100,hdr_graded,SNP,True,100.0,100.0,0.0,100.0,98.07,0.0,1.21,0.23
traceedit,233,L07_SNP_editing,hdr_het_ins,hdr_with_indel,SNP,True,100.0,100.0,0.0,50.0,48.5,50.0,50.03,0.22
traceedit,234,L07_SNP_editing,hdr_het_del,hdr_with_indel,SNP,True,100.0,100.0,0.0,50.0,47.91,0.0,3.01,0.26
traceedit,235,L07_SNP_editing,hdrindel_wt,hdr_with_indel,SNP,True,50.0,100.0,50.0,0.0,48.28,50.0,50.17,0.22
traceedit,236,L07_SNP_editing,het_del2,hom_or_het_small_indel,SNP,True,50.0,51.63,1.6300000000000026,0.0,0.11,50.0,51.51,0.23
traceedit,237,L07_SNP_editing,hom_ins1,hom_or_het_small_indel,SNP,True,100.0,100.0,0.0,0.0,0.0,100.0,100.0,0.21
traceedit,238,L07_SNP_editing,het_del8,hom_or_het_small_indel,SNP,True,50.0,52.27,2.270000000000003,0.0,0.47,50.0,51.03,0.23
traceedit,239,L07_SNP_editing,mix1,mixed_alleles,SNP,True,70.0,74.28,4.280000000000001,40.0,40.95,30.0,31.68,0.22
traceedit,240,L07_SNP_editing,mix2,mixed_alleles,SNP,True,80.0,80.15,0.15000000000000568,30.0,28.07,50.0,50.44,0.22
traceedit,241,L07_SNP_editing,stress_hdr10,noisy,SNP,True,10.0,15.67,5.67,10.0,11.55,0.0,3.03,0.21
traceedit,242,L07_SNP_editing,stress_hdr50,noisy,SNP,True,50.0,52.26,2.259999999999998,50.0,48.13,0.0,2.49,0.25
traceedit,243,L07_SNP_editing,hard_hdr25,noisy,SNP,True,25.0,30.3,5.300000000000001,25.0,23.68,0.0,4.75,0.27
traceedit,244,L07_SNP_editing,hard_het_del2,noisy,SNP,True,50.0,54.5,4.5,0.0,0.0,50.0,54.05,0.2
traceedit,245,L05_KO_SNP_editing,wt_rep1,wt,KO,True,0.0,0.96,0.96,,,0.0,0.71,0.24
traceedit,246,L05_KO_SNP_editing,wt_rep2,wt,KO,True,0.0,0.0,0.0,,,0.0,0.0,0.22
traceedit,247,L05_KO_SNP_editing,wt_rep3,wt,KO,True,0.0,0.01,0.01,,,0.0,0.01,0.22
traceedit,248,L05_KO_SNP_editing,het_del1,hom_or_het_small_indel,KO,True,50.0,51.48,1.4799999999999969,,,50.0,50.29,0.2
traceedit,249,L05_KO_SNP_editing,het_del2,hom_or_het_small_indel,KO,True,50.0,51.33,1.3299999999999983,,,50.0,50.89,0.22
traceedit,250,L05_KO_SNP_editing,het_del4,hom_or_het_small_indel,KO,True,50.0,50.71,0.7100000000000009,,,50.0,50.34,0.22
traceedit,251,L05_KO_SNP_editing,het_del7,hom_or_het_small_indel,KO,True,50.0,51.37,1.3699999999999974,,,50.0,50.67,0.22
traceedit,252,L05_KO_SNP_editing,hom_del1,hom_or_het_small_indel,KO,True,100.0,100.0,0.0,,,100.0,100.0,0.25
traceedit,253,L05_KO_SNP_editing,hom_del5,hom_or_het_small_indel,KO,True,100.0,100.0,0.0,,,100.0,99.99,0.2
traceedit,254,L05_KO_SNP_editing,het_ins1,hom_or_het_small_indel,KO,True,50.0,52.01,2.009999999999998,,,50.0,50.36,0.23
traceedit,255,L05_KO_SNP_editing,hom_ins1,hom_or_het_small_indel,KO,True,100.0,100.0,0.0,,,100.0,100.0,0.25
traceedit,256,L05_KO_SNP_editing,het_ins6,hom_or_het_small_indel,KO,True,50.0,53.11,3.1099999999999994,,,0.0,34.31,0.24
traceedit,257,L05_KO_SNP_editing,cmp_del3_ins1,compound_het,KO,True,100.0,100.0,0.0,,,50.0,50.66,0.22
traceedit,258,L05_KO_SNP_editing,cmp_del11_del5,compound_het,KO,True,100.0,100.0,0.0,,,100.0,100.0,0.2
traceedit,259,L05_KO_SNP_editing,between_f2,two_cut_graded,KO,True,2.0,2.22,0.2200000000000002,,,2.0,0.05,0.23
traceedit,260,L05_KO_SNP_editing,between_f5,two_cut_graded,KO,True,5.0,6.07,1.0700000000000003,,,5.0,0.46,0.26
traceedit,261,L05_KO_SNP_editing,between_f10,two_cut_graded,KO,True,10.0,10.94,0.9399999999999995,,,10.0,0.39,0.23
traceedit,262,L05_KO_SNP_editing,between_f25,two_cut_graded,KO,True,25.0,26.58,1.5799999999999983,,,25.0,0.67,0.2
traceedit,263,L05_KO_SNP_editing,between_f50,two_cut_graded,KO,True,50.0,51.61,1.6099999999999994,,,50.0,1.48,0.22
traceedit,264,L05_KO_SNP_editing,between_f75,two_cut_graded,KO,True,75.0,75.45,0.45000000000000284,,,75.0,0.65,0.24
traceedit,265,L05_KO_SNP_editing,between_f100,two_cut_graded,KO,True,100.0,100.0,0.0,,,100.0,0.01,0.23
traceedit,266,L05_KO_SNP_editing,between_jit_hom,two_cut_junction_shift,KO,True,100.0,100.0,0.0,,,100.0,1.61,0.23
traceedit,267,L05_KO_SNP_editing,between_jit_het,two_cut_junction_shift,KO,True,50.0,51.22,1.2199999999999989,,,50.0,0.3,0.22
traceedit,268,L05_KO_SNP_editing,large_del40_het,large_deletion,KO,True,50.0,51.33,1.3299999999999983,,,50.0,49.73,0.22
traceedit,269,L05_KO_SNP_editing,large_del80_het,large_deletion,KO,True,50.0,50.33,0.3299999999999983,,,50.0,37.79,0.23
traceedit,270,L05_KO_SNP_editing,large_del150_het,large_deletion,KO,False,50.0,,,,,50.0,,0.07
traceedit,271,L05_KO_SNP_editing,large_del80_hom,large_deletion,KO,False,100.0,,,,,100.0,,0.07
traceedit,272,L05_KO_SNP_editing,between_ins,two_cut_plus_indel,KO,True,100.0,100.0,0.0,,,100.0,50.29,0.17
traceedit,273,L05_KO_SNP_editing,between_del_wt,two_cut_plus_indel,KO,True,70.0,70.85,0.8499999999999943,,,70.0,30.03,0.24
traceedit,274,L05_KO_SNP_editing,pool1,pool,KO,True,69.403,70.1,0.6969999999999885,,,69.284,50.04,0.23
traceedit,275,L05_KO_SNP_editing,pool2,pool,KO,True,97.008,97.08,0.07200000000000273,,,75.71,71.95,0.24
traceedit,276,L05_KO_SNP_editing,lod_ins1_f2,low_fraction_indel,KO,True,2.0,2.22,0.2200000000000002,,,2.0,2.15,0.23
traceedit,277,L05_KO_SNP_editing,lod_ins1_f5,low_fraction_indel,KO,True,5.0,5.6,0.5999999999999996,,,5.0,5.44,0.24
traceedit,278,L05_KO_SNP_editing,lod_ins1_f10,low_fraction_indel,KO,True,10.0,11.73,1.7300000000000004,,,10.0,11.11,0.23
traceedit,279,L05_KO_SNP_editing,hard_between25,noisy,KO,True,25.0,29.71,4.710000000000001,,,25.0,3.97,0.24
traceedit,280,L05_KO_SNP_editing,hard_het_del2,noisy,KO,True,50.0,54.85,4.850000000000001,,,50.0,51.62,0.25
traceedit,281,L11_SNP_editing,wt_rep1,wt,SNP,True,0.0,1.15,1.15,0.0,0.0,0.0,0.73,0.25
traceedit,282,L11_SNP_editing,wt_rep2,wt,SNP,True,0.0,1.04,1.04,0.0,0.0,0.0,0.84,0.27
traceedit,283,L11_SNP_editing,wt_rep3,wt,SNP,True,0.0,1.1,1.1,0.0,0.0,0.0,0.71,0.22
traceedit,284,L11_SNP_editing,hdr_f2,hdr_graded,SNP,True,2.0,1.37,-0.6299999999999999,2.0,1.36,0.0,0.0,0.22
traceedit,285,L11_SNP_editing,hdr_f5,hdr_graded,SNP,True,5.0,3.62,-1.38,5.0,1.99,0.0,1.14,0.22
traceedit,286,L11_SNP_editing,hdr_f10,hdr_graded,SNP,True,10.0,7.61,-2.3899999999999997,10.0,7.6,0.0,0.0,0.24
traceedit,287,L11_SNP_editing,hdr_f25,hdr_graded,SNP,True,25.0,19.96,-5.039999999999999,25.0,18.86,0.0,0.9,0.23
traceedit,288,L11_SNP_editing,hdr_f50,hdr_graded,SNP,True,50.0,44.55,-5.450000000000003,50.0,44.53,0.0,0.01,0.27
traceedit,289,L11_SNP_editing,hdr_f75,hdr_graded,SNP,True,75.0,66.55,-8.450000000000003,75.0,65.69,0.0,0.44,0.22
traceedit,290,L11_SNP_editing,hdr_f100,hdr_graded,SNP,True,100.0,99.32,-0.6800000000000068,100.0,97.37,0.0,1.44,0.25
traceedit,291,L11_SNP_editing,hdr_het_ins,hdr_with_indel,SNP,True,100.0,100.0,0.0,50.0,49.49,50.0,50.24,0.2
traceedit,292,L11_SNP_editing,hdr_het_del,hdr_with_indel,SNP,True,100.0,100.0,0.0,50.0,49.01,0.0,1.23,0.22
traceedit,293,L11_SNP_editing,het_del2,hom_or_het_small_indel,SNP,True,50.0,51.31,1.3100000000000023,0.0,0.0,50.0,50.0,0.23
traceedit,294,L11_SNP_editing,hom_ins1,hom_or_het_small_indel,SNP,True,100.0,100.0,0.0,0.0,0.0,100.0,99.58,0.22
traceedit,295,L11_SNP_editing,het_del8,hom_or_het_small_indel,SNP,True,50.0,51.31,1.3100000000000023,0.0,0.0,50.0,50.93,0.23
traceedit,296,L11_SNP_editing,mix1,mixed_alleles,SNP,True,70.0,63.0,-7.0,40.0,32.94,30.0,29.72,0.24
traceedit,297,L11_SNP_editing,mix2,mixed_alleles,SNP,True,80.0,75.71,-4.290000000000006,30.0,24.69,50.0,50.29,0.23
traceedit,298,L11_SNP_editing,stress_hdr10,noisy,SNP,True,10.0,9.58,-0.41999999999999993,10.0,5.97,0.0,2.94,0.23
traceedit,299,L11_SNP_editing,stress_hdr50,noisy,SNP,True,50.0,42.98,-7.020000000000003,50.0,39.63,0.0,2.12,0.24
traceedit,300,L11_SNP_editing,hard_hdr25,noisy,SNP,True,25.0,23.02,-1.9800000000000004,25.0,15.58,0.0,6.79,0.22
traceedit,301,L11_SNP_editing,hard_het_del2,noisy,SNP,True,50.0,53.99,3.990000000000002,0.0,0.01,50.0,50.92,0.23
traceedit,302,L08_SNP_editing,wt_rep1,wt,SNP,True,0.0,0.96,0.96,0.0,0.0,0.0,0.71,0.22
traceedit,303,L08_SNP_editing,wt_rep2,wt,SNP,True,0.0,1.21,1.21,0.0,0.0,0.0,0.47,0.18
traceedit,304,L08_SNP_editing,wt_rep3,wt,SNP,True,0.0,5.45,5.45,0.0,0.0,0.0,1.4,0.2
traceedit,305,L08_SNP_editing,hdr_f2,hdr_graded,SNP,True,2.0,2.83,0.8300000000000001,2.0,0.62,0.0,0.56,0.2
traceedit,306,L08_SNP_editing,hdr_f5,hdr_graded,SNP,True,5.0,7.61,2.6100000000000003,5.0,3.25,0.0,0.66,0.27
traceedit,307,L08_SNP_editing,hdr_f10,hdr_graded,SNP,True,10.0,13.39,3.3900000000000006,10.0,7.08,0.0,0.79,0.22
traceedit,308,L08_SNP_editing,hdr_f25,hdr_graded,SNP,True,25.0,33.96,8.96,25.0,19.15,0.0,1.29,0.2
traceedit,309,L08_SNP_editing,hdr_f50,hdr_graded,SNP,True,50.0,99.69,49.69,50.0,0.0,0.0,0.0,0.22
traceedit,310,L08_SNP_editing,hdr_f75,hdr_graded,SNP,True,75.0,83.65,8.650000000000006,75.0,68.12,0.0,0.51,0.22
traceedit,311,L08_SNP_editing,hdr_f100,hdr_graded,SNP,True,100.0,100.0,0.0,100.0,97.22,0.0,1.06,0.21
traceedit,312,L08_SNP_editing,hdr_het_ins,hdr_with_indel,SNP,True,100.0,100.0,0.0,50.0,40.65,50.0,50.35,0.21
traceedit,313,L08_SNP_editing,hdr_het_del,hdr_with_indel,SNP,True,100.0,100.0,0.0,50.0,42.52,0.0,0.59,0.21
traceedit,314,L08_SNP_editing,hdrindel_wt,hdr_with_indel,SNP,True,50.0,92.64,42.64,0.0,0.0,50.0,50.8,0.18
traceedit,315,L08_SNP_editing,partial_near_hom,partial_conversion,SNP,True,100.0,99.83,-0.1700000000000017,0.0,0.0,0.0,0.01,0.21
traceedit,316,L08_SNP_editing,partial_far_het,partial_conversion,SNP,True,50.0,60.17,10.170000000000002,0.0,0.0,0.0,0.0,0.22
traceedit,317,L08_SNP_editing,partial_mix,partial_conversion,SNP,True,80.0,100.0,20.0,20.0,1.82,0.0,0.0,0.22
traceedit,318,L08_SNP_editing,het_del2,hom_or_het_small_indel,SNP,True,50.0,52.98,2.979999999999997,0.0,0.21,50.0,50.06,0.2
traceedit,319,L08_SNP_editing,hom_ins1,hom_or_het_small_indel,SNP,True,100.0,100.0,0.0,0.0,0.0,100.0,99.22,0.23
traceedit,320,L08_SNP_editing,het_del8,hom_or_het_small_indel,SNP,True,50.0,60.08,10.079999999999998,0.0,0.0,50.0,50.97,0.23
traceedit,321,L08_SNP_editing,mix1,mixed_alleles,SNP,True,70.0,100.0,30.0,40.0,6.37,30.0,30.89,0.21
traceedit,322,L08_SNP_editing,mix2,mixed_alleles,SNP,True,80.0,82.54,2.5400000000000063,30.0,22.14,50.0,50.3,0.2
traceedit,323,L08_SNP_editing,stress_hdr10,noisy,SNP,True,10.0,10.52,0.5199999999999996,10.0,5.55,0.0,2.24,0.25
traceedit,324,L08_SNP_editing,stress_hdr50,noisy,SNP,True,50.0,98.51,48.510000000000005,50.0,0.0,0.0,2.06,0.25
traceedit,325,L08_SNP_editing,hard_hdr25,noisy,SNP,True,25.0,33.78,8.780000000000001,25.0,17.52,0.0,6.2,0.25
traceedit,326,L08_SNP_editing,hard_het_del2,noisy,SNP,True,50.0,54.38,4.380000000000003,0.0,0.0,50.0,49.91,0.26
traceedit,327,L09_Exn20_SNP_editing,wt_rep1,wt,SNP,True,0.0,2.96,2.96,0.0,0.0,0.0,0.96,0.2
traceedit,328,L09_Exn20_SNP_editing,wt_rep2,wt,SNP,True,0.0,2.84,2.84,0.0,0.0,0.0,0.82,0.14
traceedit,329,L09_Exn20_SNP_editing,wt_rep3,wt,SNP,True,0.0,2.63,2.63,0.0,0.0,0.0,0.98,0.13
traceedit,330,L09_Exn20_SNP_editing,hdr_f2,hdr_graded,SNP,True,2.0,3.25,1.25,2.0,2.37,0.0,0.02,0.13
traceedit,331,L09_Exn20_SNP_editing,hdr_f5,hdr_graded,SNP,True,5.0,7.4,2.4000000000000004,5.0,5.07,0.0,0.63,0.14
traceedit,332,L09_Exn20_SNP_editing,hdr_f10,hdr_graded,SNP,True,10.0,14.5,4.5,10.0,12.88,0.0,0.0,0.15
traceedit,333,L09_Exn20_SNP_editing,hdr_f25,hdr_graded,SNP,True,25.0,31.6,6.600000000000001,25.0,27.26,0.0,0.5,0.14
traceedit,334,L09_Exn20_SNP_editing,hdr_f50,hdr_graded,SNP,True,50.0,62.59,12.590000000000003,50.0,54.14,0.0,1.42,0.13
traceedit,335,L09_Exn20_SNP_editing,hdr_f75,hdr_graded,SNP,True,75.0,79.67,4.670000000000002,75.0,77.27,0.0,0.03,0.12
traceedit,336,L09_Exn20_SNP_editing,hdr_f100,hdr_graded,SNP,True,100.0,100.0,0.0,100.0,98.92,0.0,0.5,0.16
traceedit,337,L09_Exn20_SNP_editing,hdr_het_ins,hdr_with_indel,SNP,True,100.0,100.0,0.0,50.0,48.81,50.0,50.43,0.15
traceedit,338,L09_Exn20_SNP_editing,hdr_het_del,hdr_with_indel,SNP,True,100.0,100.0,0.0,50.0,49.56,0.0,0.89,0.14
traceedit,339,L09_Exn20_SNP_editing,partial_near_hom,partial_conversion,SNP,True,100.0,100.0,0.0,0.0,0.0,0.0,0.64,0.15
traceedit,340,L09_Exn20_SNP_editing,partial_far_het,partial_conversion,SNP,True,50.0,61.08,11.079999999999998,0.0,0.0,0.0,1.12,0.14
traceedit,341,L09_Exn20_SNP_editing,partial_mix,partial_conversion,SNP,True,80.0,100.0,20.0,20.0,6.71,0.0,0.58,0.13
traceedit,342,L09_Exn20_SNP_editing,het_del2,hom_or_het_small_indel,SNP,True,50.0,58.62,8.619999999999997,0.0,0.0,50.0,50.52,0.12
traceedit,343,L09_Exn20_SNP_editing,hom_ins1,hom_or_het_small_indel,SNP,True,100.0,100.0,0.0,0.0,0.0,100.0,100.0,0.13
traceedit,344,L09_Exn20_SNP_editing,het_del8,hom_or_het_small_indel,SNP,True,50.0,56.41,6.409999999999997,0.0,0.0,50.0,50.19,0.13
traceedit,345,L09_Exn20_SNP_editing,mix1,mixed_alleles,SNP,True,70.0,100.0,30.0,40.0,22.2,30.0,30.6,0.13
traceedit,346,L09_Exn20_SNP_editing,mix2,mixed_alleles,SNP,True,80.0,100.0,20.0,30.0,21.64,50.0,50.47,0.15
traceedit,347,L09_Exn20_SNP_editing,stress_hdr10,noisy,SNP,True,10.0,22.59,12.59,10.0,9.67,0.0,2.49,0.12
traceedit,348,L09_Exn20_SNP_editing,stress_hdr50,noisy,SNP,True,50.0,65.55,15.549999999999997,50.0,60.06,0.0,2.93,0.15
traceedit,349,L09_Exn20_SNP_editing,hard_hdr25,noisy,SNP,True,25.0,40.74,15.740000000000002,25.0,29.44,0.0,5.04,0.13
traceedit,350,L09_Exn20_SNP_editing,hard_het_del2,noisy,SNP,True,50.0,71.27,21.269999999999996,0.0,0.0,50.0,50.51,0.15
traceedit,351,L07_SNP_editing,wt_rep1,wt,SNP,True,0.0,5.54,5.54,0.0,3.08,0.0,1.43,0.25
traceedit,352,L07_SNP_editing,wt_rep2,wt,SNP,True,0.0,0.0,0.0,0.0,0.0,0.0,0.0,0.21
traceedit,353,L07_SNP_editing,wt_rep3,wt,SNP,True,0.0,1.8,1.8,0.0,0.0,0.0,1.26,0.25
traceedit,354,L07_SNP_editing,hdr_f2,hdr_graded,SNP,True,2.0,2.91,0.9100000000000001,2.0,1.95,0.0,0.78,0.22
traceedit,355,L07_SNP_editing,hdr_f5,hdr_graded,SNP,True,5.0,4.95,-0.04999999999999982,5.0,2.52,0.0,1.65,0.23
traceedit,356,L07_SNP_editing,hdr_f10,hdr_graded,SNP,True,10.0,12.94,2.9399999999999995,10.0,10.98,0.0,1.65,0.21
traceedit,357,L07_SNP_editing,hdr_f25,hdr_graded,SNP,True,25.0,21.04,-3.960000000000001,25.0,21.03,0.0,0.01,0.2
traceedit,358,L07_SNP_editing,hdr_f50,hdr_graded,SNP,True,50.0,43.37,-6.630000000000003,50.0,42.5,0.0,0.72,0.25
traceedit,359,L07_SNP_editing,hdr_f75,hdr_graded,SNP,True,75.0,70.01,-4.989999999999995,75.0,68.82,0.0,0.97,0.22
traceedit,360,L07_SNP_editing,hdr_f100,hdr_graded,SNP,True,100.0,100.0,0.0,100.0,99.02,0.0,0.59,0.23
traceedit,361,L07_SNP_editing,hdr_het_ins,hdr_with_indel,SNP,True,100.0,95.24,-4.760000000000005,50.0,43.56,50.0,50.09,0.27
traceedit,362,L07_SNP_editing,hdr_het_del,hdr_with_indel,SNP,True,100.0,94.75,-5.25,50.0,43.22,0.0,2.19,0.23
traceedit,363,L07_SNP_editing,hdrindel_wt,hdr_with_indel,SNP,True,50.0,95.29,45.290000000000006,0.0,43.86,50.0,49.85,0.23
traceedit,364,L07_SNP_editing,het_del2,hom_or_het_small_indel,SNP,True,50.0,53.24,3.240000000000002,0.0,1.66,50.0,51.58,0.23
traceedit,365,L07_SNP_editing,hom_ins1,hom_or_het_small_indel,SNP,True,100.0,100.0,0.0,0.0,0.0,100.0,99.09,0.23
traceedit,366,L07_SNP_editing,het_del8,hom_or_het_small_indel,SNP,True,50.0,52.31,2.3100000000000023,0.0,0.24,50.0,50.98,0.2
traceedit,367,L07_SNP_editing,mix1,mixed_alleles,SNP,True,70.0,69.92,-0.0799999999999983,40.0,36.39,30.0,31.93,0.25
traceedit,368,L07_SNP_editing,mix2,mixed_alleles,SNP,True,80.0,76.64,-3.3599999999999994,30.0,24.47,50.0,50.8,0.24
traceedit,369,L07_SNP_editing,stress_hdr10,noisy,SNP,True,10.0,14.49,4.49,10.0,10.24,0.0,3.5,0.25
traceedit,370,L07_SNP_editing,stress_hdr50,noisy,SNP,True,50.0,50.84,0.8400000000000034,50.0,46.26,0.0,2.91,0.22
traceedit,371,L07_SNP_editing,hard_hdr25,noisy,SNP,True,25.0,20.86,-4.140000000000001,25.0,13.11,0.0,6.59,0.24
traceedit,372,L07_SNP_editing,hard_het_del2,noisy,SNP,True,50.0,54.13,4.130000000000003,0.0,0.04,50.0,54.03,0.23
traceedit,373,L10_SNP_editing,wt_rep1,wt,SNP,True,0.0,5.96,5.96,0.0,1.68,0.0,1.77,0.17
traceedit,374,L10_SNP_editing,wt_rep2,wt,SNP,True,0.0,1.5,1.5,0.0,0.19,0.0,0.63,0.15
traceedit,375,L10_SNP_editing,wt_rep3,wt,SNP,True,0.0,2.21,2.21,0.0,0.0,0.0,0.04,0.17
traceedit,376,L10_SNP_editing,hdr_f2,hdr_graded,SNP,True,2.0,2.51,0.5099999999999998,2.0,0.95,0.0,0.02,0.17
traceedit,377,L10_SNP_editing,hdr_f5,hdr_graded,SNP,True,5.0,3.88,-1.12,5.0,1.54,0.0,0.53,0.16
traceedit,378,L10_SNP_editing,hdr_f10,hdr_graded,SNP,True,10.0,12.26,2.26,10.0,5.67,0.0,0.65,0.15
traceedit,379,L10_SNP_editing,hdr_f25,hdr_graded,SNP,True,25.0,23.05,-1.9499999999999993,25.0,16.07,0.0,0.7,0.18
traceedit,380,L10_SNP_editing,hdr_f50,hdr_graded,SNP,True,50.0,83.76,33.760000000000005,50.0,0.0,0.0,0.95,0.17
traceedit,381,L10_SNP_editing,hdr_f75,hdr_graded,SNP,True,75.0,72.7,-2.299999999999997,75.0,67.87,0.0,1.6,0.15
traceedit,382,L10_SNP_editing,hdr_f100,hdr_graded,SNP,True,100.0,100.0,0.0,100.0,98.36,0.0,0.58,0.17
traceedit,383,L10_SNP_editing,hdr_het_ins,hdr_with_indel,SNP,True,100.0,100.0,0.0,50.0,38.92,50.0,51.01,0.15
traceedit,384,L10_SNP_editing,hdr_het_del,hdr_with_indel,SNP,True,100.0,91.24,-8.760000000000005,50.0,35.59,0.0,1.53,0.17
traceedit,385,L10_SNP_editing,hdrindel_wt,hdr_with_indel,SNP,True,50.0,85.93,35.93000000000001,0.0,0.0,50.0,50.64,0.15
traceedit,386,L10_SNP_editing,partial_near_hom,partial_conversion,SNP,True,100.0,100.0,0.0,0.0,0.0,0.0,0.01,0.15
traceedit,387,L10_SNP_editing,partial_far_het,partial_conversion,SNP,True,50.0,40.21,-9.79,0.0,0.49,0.0,1.77,0.16
traceedit,388,L10_SNP_editing,partial_mix,partial_conversion,SNP,True,80.0,90.57,10.569999999999993,20.0,0.0,0.0,0.02,0.17
traceedit,389,L10_SNP_editing,het_del2,hom_or_het_small_indel,SNP,True,50.0,51.0,1.0,0.0,0.0,50.0,50.51,0.16
traceedit,390,L10_SNP_editing,hom_ins1,hom_or_het_small_indel,SNP,True,100.0,100.0,0.0,0.0,0.0,100.0,100.0,0.17
traceedit,391,L10_SNP_editing,het_del8,hom_or_het_small_indel,SNP,True,50.0,54.95,4.950000000000003,0.0,2.61,50.0,51.03,0.18
traceedit,392,L10_SNP_editing,mix1,mixed_alleles,SNP,True,70.0,98.67,28.67,40.0,0.0,30.0,31.82,0.2
traceedit,393,L10_SNP_editing,mix2,mixed_alleles,SNP,True,80.0,99.65,19.650000000000006,30.0,0.0,50.0,50.75,0.17
traceedit,394,L10_SNP_editing,stress_hdr10,noisy,SNP,True,10.0,16.49,6.489999999999998,10.0,6.17,0.0,2.35,0.17
traceedit,395,L10_SNP_editing,stress_hdr50,noisy,SNP,True,50.0,89.42,39.42,50.0,0.0,0.0,2.02,0.16
traceedit,396,L10_SNP_editing,hard_hdr25,noisy,SNP,True,25.0,24.71,-0.28999999999999915,25.0,13.78,0.0,6.15,0.17
traceedit,397,L10_SNP_editing,hard_het_del2,noisy,SNP,True,50.0,54.74,4.740000000000002,0.0,0.39,50.0,52.06,0.15
